protein(groups)_accession,related_peptides,nor_pep_ra_+0,nor_pep_ra_+1,nor_pep_ra_+2,inten_+0,inten_+1,inten_+2,total_inten_all_cha
P00358,"['NVEVVALNDPFISNDYSAYMFK', 'HIIVDGHK']",4.98,2.05,0.97,4411659.4,1815451.2693,861037.3433,7088148.0126
P00360,"['VVITAPSSSAPMFVVGVNHTK', 'IATYQERDPANLPWGSLK', 'YDSTHGRYK', 'IDVAVDSTGVFK']",4.75,2.04,1.21,2211418.2,948202.6119,564894.9528,3724515.7647
P14540,"['FAIPAINVTSSSTAVAALEAARDSK', 'TGVIVGEDVHNLFTYAK', 'VNLDTDCQYAYLTGIRDYVLNK', 'GISNEGQNASIK', 'YTREQVGCK', 'FFDPRVWVREGEK']",4.98,2.0,1.02,48478926.5,19479218.313,9906232.1889,77864377.00189999
P00359,"['VINDAFGIEEGLMTTVHSLTATQK', 'HIIVDGK']",4.95,2.08,0.98,185617692.0,77970266.8663,36605733.3026,300193692.1689
P26321,['GVEEVEGEYELTEAVEDGPRPFK'],5.5,2.07,0.44,226526.7,85135.7705,18036.8134,329699.2839
P02994,"['SVEMHHEQLEQGVPGDNVGFNVK', 'TLLEAIDAIEQPSRPTDK', 'YQVTVIDAPGHRDFIK', 'SHINVVVIGHVDSGK', 'IGGIGTVPVGRVETGVIK', 'STTTGHLIYK', 'WDESRFQEIVK', 'ETSNFIK']",5.31,1.83,0.87,77905013.6,26840249.9029,12700558.7702,117445822.27309999
P40150:P11484,"['IEAALSDALAALQIEDPSADELRK', 'TFSPQEISAMVLTK', 'AVITVPAYFNDAQRQATK', 'NQAALNPRNTVFDAK', 'STLEPVEQVLK', 'SSNITISNAVGRLSSEEIEK', 'ENTLLGEFDLK', 'LLSDFFDGK', 'MVNQAEEFK', 'AADEAFAK']",4.96,1.99,1.05,28345965.6,11399660.9996,5973000.5157,45718627.1153
P02406,"['ETAPVIDTLAAGYGK', 'LWTLIPEDK', 'GRIPNVPVIVK', 'YHPGYFGK']",5.08,1.99,0.93,13885725.0,5452005.9262,2543655.9033,21881386.829499997
P00560,"['DVTFLNDCVGPEVEAAVK', 'EGIPAGWQGLDNGPESRK', 'VLENTEIGDSIFDK', 'ELPGVAFLSEK', 'ISHVSTGGGASLELLEGK', 'IQLIDNLLDK', 'AGAEIVPK', 'ALENPTRPFLAILGGAK', 'YSLAPVAK', 'LFAATVAK']",4.81,2.27,0.92,143226719.3,67655831.0982,27509805.2498,238392355.648
P0CX23:P0CX24,['ASGEIVSINQINEAHPTK'],4.83,2.38,0.79,718668.8,354771.683,117616.9278,1191057.4108
P0CX70:Q03856:P0CX58:Q6Q5H1:P0CX66:P0CX73:P0CX74:P0C2I8:P0CX69:Q12470:Q12217:O74302:Q12485:Q92392:P0CX67:Q12085:Q12441:Q04706:P0CX76:P0CX72:P0CX59:P0CX60:P0CX65:P0CX71:P0CX68:P0CX57:P47099:P0CX75:P0C2I4:Q07793:Q99337:P0C2I9:Q03619:P0C2J1:Q99231:Q03434:Q12273:P47100:P0C2I6:Q03855:P0C2I2:Q12088:P0C2I5:Q04670:P47098:Q92393:Q12141:P0C2I3:Q12316:Q12414:Q04711:Q12269:Q03612:Q12193:P0C2J0:O13535,"['EVHTNQDPLDVSASK', 'DILSVDYTDIMK', 'VIARNPQK', 'STTEPIQLNNK']",5.13,1.79,1.07,1263404.4,441192.6464,263791.7446,1968388.7909999997
P06169,"['LIDLTQFPAFVTPMGK', 'NIVEFHSDHMK', 'NPVILADACCSRHDVK', 'IRNATFPGVQMK', 'AQYNEIQGWDHLSLLPTFGAK', 'LLTTIADAAK', 'DYETHRVATTGEWDK', 'YLFERLK', 'LTAATNAK']",4.96,2.05,1.0,187497928.2,77368575.4571,37636128.1512,302502631.8083
P02769,"['ECCHGDLLECADDRADLAK', 'VPQVSTPTLVEVSRSLGK', 'SLHTLFGDELCK', 'EYEATLEECCAK', 'YICDNQDTISSK', 'QEPERNECFLSHK', 'TVMENFVAFVDK', 'LVNELTEFAK', 'TCVADESHAGCEK', 'SEIAHRFK', 'DLGEEHFK', 'VASLRETYGDMADCCEK', 'DDPHACYSTVFDK', 'HLVDEPQNLIK', 'SHCIAEVEK', 'QTALVELLK', 'QNCDQFEK', 'AEFVEVTK', 'ATEEQLK', 'EACFAVEGPK', 'LVTDLTK']",0.58,2.6,4.82,128141930.2,579602322.3406,1073535215.688,1781279468.2286
P34760,['TAVVDGVFDEVSLDK'],5.08,1.86,1.06,1818828.9,664918.0657,378833.6126,2862580.5783
P32324,"['TGTLTTSETAHNMK', 'DSVVAAFQWATK', 'AGEIVLAARK', 'STLTDSLVQRAGIISAAK', 'DEQERGITIK', 'AVQYLHEIK', 'VRIQGPNYVPGK', 'AGEARFTDTRK', 'ADLMLYVSK', 'DEIPVLLEK', 'HNRIYLK']",5.24,1.7,1.06,8943491.4,2906725.0058,1814829.4544,13665045.860199999
P14126,"['GDDEANGATSFDRTK', 'SLYTNTSRK', 'TITPMGGFVHYGEIK', 'AHLAEIQLNGGSISEK', 'HAFMGTLK', 'GRFQTPAEK', 'VDWAREHFEK']",4.9,2.15,0.96,10668976.5,4673778.0036,2081262.7469,17424017.2505
P38011,"['ADDDSVTIISAGNDK', 'ASMIISGSRDK', 'DGEIMLWNLAAK', 'SDVMSVDIDK', 'FGVPVRSFK']",4.64,2.08,1.28,2681614.4,1199609.1922,739069.2011,4620292.7933
P04806,"['GFDIPNVEGHDVVPLLQNEISK', 'DFMVEQELLNTK', 'YDVAVDEQSPRPGQQAFEK', 'LSGNHTFDTTQSK', 'TGHIAADGSVYNK', 'TTLPERK', 'HFIDELNK']",4.93,2.03,1.04,17101507.5,7030861.4722,3597880.8827,27730249.8549
P19882,"['TNEAAGDGTTSATVLGRAIFTESVK', 'GRNVLIEQPFGPPK', 'GVETLAEAVAATLGPK', 'QIIENAGEEGSVIIGK', 'LIDEYGDDFAK', 'VIEFLSANK', 'EAIQERIEQIK', 'FGVEGRASLLK']",4.95,2.06,0.99,9033198.1,3755983.0299,1801079.9889,14590261.1188
P05740:P46990,"['FVQGLLQNAAANAEAK', 'LYVSHIQVNQAPK', 'ARYGATSTNPAK', 'YESSPSHIELVVTEK']",4.99,1.96,1.04,5263398.1,2070692.9344,1096565.468,8430656.5024
P00549,"['IENQQGVNNFDEILK', 'TNNPETLVALRK', 'GDTYVSIQGFK', 'SEELYPGRPLAIALDTK', 'AIIVLSTSGTTPRLVSK', 'IMYVDYK']",5.06,1.95,0.99,60681523.9,23362954.1262,11806044.7087,95850522.7349
P05319,"['VSSVLSALEGK', 'SVDELITEGNEK']",4.94,2.0,1.06,13045240.8,5279369.839,2786666.3851,21111277.0241
P46672,['VFFEGFGDEAPMK'],5.18,2.04,0.78,288749.4,113865.0986,43607.4823,446221.9809000001
P26785,"['IFEGIPPPYDK', 'VSSASAAASESDVAK', 'VRSAEYYAK']",5.25,2.05,0.7,6069682.5,2367910.0501,810901.0798,9248493.629900001
P05030,"['LSAIESLAGVEILCSDK', 'HYGDQTFSSSTVK', 'VLEFHPFDPVSK', 'MLTGDAVGIAK', 'VTAVVESPEGERIVCVK', 'GAPLFVLK']",4.72,2.14,1.14,16739444.9,7595282.3242,4062165.401,28396892.6252
P25373,['DLIAENEIFVASK'],5.2,1.74,1.07,194280.5,64866.5546,39931.6535,299078.7081
P15108,"['LIEAFNEIAEDSEQFDK', 'IRYQALSDPK', 'EEVQELEELNK', 'FYSAFAK']",4.8,2.19,1.02,11685241.6,5327557.9133,2472848.8939,19485648.4072
P22803,"['SASEYDSALASGDK', 'AEVSSMPTLIFYK', 'EVTRVVGANPAAIK', 'LDVDEVSDVAQK']",4.81,2.38,0.81,5427990.5,2684735.8503,914729.6691,9027456.0194
P21734,['GTFLGPPGTPYEGGK'],4.73,2.91,0.36,124543.6,76660.3624,9348.3665,210552.32890000002
P34730,['AVASSGQELSVEERNLLSVAYK'],5.16,1.89,0.95,118798.0,43454.8338,21957.6725,184210.5063
P06367:P39516,"['ADRDESSPYAAMLAAQDVAAK', 'ETIARVTGGMK']",4.02,1.82,2.16,2278759.8,1028779.8432,1222872.8558,4530412.499
P29311,"['TVASSGQELSVEERNLLSVAYK', 'ATNASLEAYK', 'SEHQVELICSYRSK']",4.96,1.77,1.27,5968112.8,2130981.576,1522161.8264,9621256.2024
P00330,"['VVGLSTLPEIYEK', 'AMGYRVLGIDGGEGK', 'GVIFYESHGK', 'CCSDVFNQVVK', 'ANELLINVK', 'DIVGAVLK']",4.87,2.04,1.09,128929972.0,53929120.34,28753985.698,211613078.038
P16140,"['AVVGEEALSIEDK', 'SAIGEGMTRK', 'EMLNRISPK', 'LSLEFLEK']",4.85,1.76,1.39,3410503.6,1237984.2587,976610.6192,5625098.477899999
P04807,"['IVPAEDGSGAGAAVIAALAQK', 'YDITIDEESPRPGQQTFEK', 'IFTVPTETLQAVTK', 'ELMQQIENFEK', 'LGGDRTFDTTQSK']",5.07,1.89,1.04,4076987.0,1522878.0247,834827.3434,6434692.3681
P26786,"['ILEDLVFPTEIVGK', 'SIREIDVAGGK', 'AELRPLQFK']",5.67,1.34,0.99,7617198.5,1806873.3564,1331066.023,10755137.8794
P37012,"['SGVVNSAFPADESLK', 'DFPELDLGTIGK', 'HHPENEASIK', 'FFCALFDAK', 'TIQNEFWAK', 'EIFDFDLIK']",5.71,1.6,0.7,4487564.8,1255353.6591,548461.7846,6291380.2436999995
P12709,"['VVDPETTLFLIASK', 'EANVTGLRDAMFK', 'HFAALSTNETEVAK', 'TFTTAETITNANTAK', 'TGNDPSHIAK', 'VFSGNRPTTSILAQK', 'AEGATGGLVPHK', 'LIPSDFILAAQSHNPIENK', 'TFTNYDGSK', 'EFSEQVRSGEWK', 'IYESQGK']",4.84,2.06,1.1,17913555.6,7637692.8638,4085838.3661,29637086.829900004
P60010,"['QEYDESGPSIVHHK', 'EITALAPSSMK', 'DSYVGDEAQSK', 'IIAPPERK']",5.01,1.95,1.04,10385484.2,4051132.6505,2156609.8689,16593226.7194
P39958,['APLVIADPTYFPEK'],4.91,0.58,2.52,100462.1,11821.1592,51539.5472,163822.8064
P38013,"['FQYIAISQSDADSESCK', 'FASDPGCAFTK', 'MPQTVEWSK']",4.98,2.01,1.01,21774028.1,8763584.5717,4422708.6836,34960321.3553
P0CX32:P0CX31,"['SVGFGLVYNSVAEAK', 'VISNPLLARK']",4.77,1.86,1.38,802250.8,312662.9102,231657.1795,1346570.8897000002
P00950,"['VYPDVLYTSK', 'GQQEAARAGELLK', 'NLFTGWVDVK', 'LSRAIQTANIALEK', 'LVLVRHGQSEWNEK', 'TVMIAAHGNSLRGLVK']",5.13,1.82,1.05,38648545.8,13741217.9808,7939384.6719,60329148.452700004
P10592,"['NQAAMNPANTVFDAK', 'RLIGRNFNDPEVQGDMK']",5.98,1.28,0.73,2425276.8,519983.6394,297677.7426,3242938.1819999996
P00924,"['TAGIQIVADDLTVTNPK', 'NVNDVIAPAFVK']",4.9,2.04,1.06,9501493.6,3953186.3128,2062212.0756,15516891.9884
P41277,"['FAPDFADEEYVNK', 'YGEHSIEVPGAVK', 'RPEYFITANDVK', 'WAVATSGTRDMAK', 'LEGEIPEK']",4.62,2.16,1.23,8542429.5,3988430.8196,2271951.3107,14802811.6303
P25491,"['EASAAYEILSDPEK', 'HEISASLEELYK', 'ILEVHVEPGMK']",4.42,1.6,1.97,1055841.9,382769.4146,471239.4716,1909850.7862
P29509,"['IVAGQVDTDEAGYIK', 'FGTEIITETVSK']",4.93,1.76,1.31,1361715.5,484790.9041,362790.297,2209296.7011
P33442,['EVQGSTLAQLTSK'],4.88,2.29,0.84,1101645.1,516450.7681,189194.4219,1807290.29
P08417,['AIQQAADEVASGK'],5.13,1.93,0.94,208958.4,78670.6659,38286.9992,325916.0651
P0CX50:P0CX49,"['AGGECITLDQLAVRAPK', 'TVVVVGTVTDDARIFEFPK', 'SDNVYLK']",4.02,1.9,2.08,1113774.9,528212.2999,576854.1881,2218841.388
P54115,"['EEIFGPVVTVAK', 'SVAVDSSESNLK', 'LAFTGSTEVGK', 'SAHLVFDDANIK', 'LHFDTAEPVK', 'ITLELGGK', 'TLPNLVNGIFK']",4.96,1.98,1.06,16775114.6,6696154.0954,3598504.8218,27069773.5172
Q3E757:P0C0W9,"['VLEQLSGQTPVQSK', 'AEEILERGLK', 'AQNPMRDLK']",4.56,2.44,1.01,3497101.7,1868813.7971,771202.3363,6137117.8334
P0CS90,"['RQAVVNPENTLFATK', 'NAVVTVPAYFNDSQRQATK', 'DAGLSTSDISEVLLVGGMSRMPK', 'LIGNFTLAGIPPAPK', 'IIENAEGSRTTPSVVAFTK', 'TEELQTSSMK', 'EGERLVGIPAK', 'VRDQITSLK', 'RTVDPVK', 'LFEQLYK']",4.99,2.06,0.95,15294382.5,6315558.2283,2921296.1313,24531236.859599996
P16965,['YFSHTGNYGESPNHIK'],4.79,2.63,0.58,208108.3,114298.0735,25220.7145,347627.088
P00817,"['EETLNPIIQDTK', 'VIAIDINDPLAPK', 'TYTTRQIGAK', 'LNDIEDVEK', 'AASDAIPPASPK']",5.16,1.95,0.89,10240464.3,3878456.2714,1765371.1044,15884291.675800001
P14127:P02407,"['RLCDEIATIQSK', 'LTLDFQTNK', 'IAGYTTHLMK']",4.9,1.83,1.27,10122862.2,3781794.218,2623557.8697,16528214.2877
P05737:Q12213,"['AAGSYYVEAQHK', 'EYETAERNIIQAK', 'QANNFLWPFK', 'ILTPESQLK', 'LSNPSGGWGVPRK', 'HFIQGGSFGNREEFINK', 'ATLELLK']",4.89,2.14,0.96,30435220.4,13324319.5126,6002256.0335,49761795.9461
P32589,"['LSAEEVDFVEIIGGTTRIPTLK', 'LEEEYAPFASDAEK', 'LVAETEDRK', 'DDLTIVAHTFGLDAK', 'AYNRILTAAEK', 'IDIRENPK', 'NRYLGETGK']",4.78,2.65,0.57,2071860.4,1146252.7358,247209.5483,3465322.6840999997
P38264,"['SIEEAERAGNAGVK', 'YVEPGNAMSGEGEK', 'SALEHNEVK', 'YTNPLFMQSISPVK']",5.06,2.01,0.93,2349766.1,934734.1444,430722.6041,3715222.8485000003
P32911,['TLTTVQGVPEEYDLK'],3.09,0.43,4.48,163616.9,22638.8892,237264.1863,423519.9755
P10591,"['NQAAMNPSNTVFDAK', 'ELQDIANPIMSK', 'RLIGRNFNDPEVQADMK']",5.32,1.52,1.15,5888621.1,1685801.423,1275214.8366,8849637.3596
P49626:P10664,"['LDQVWGSETVASSK', 'AVGAHSDLLK', 'RQAYAVSEK', 'QVLLRLNPYAK', 'EAVAALK']",4.82,1.79,1.39,27024425.4,10010658.1417,7795652.2345,44830735.7762
P0CX46:P0CX45,"['ASTISRGAVSGQK', 'QIVHDSGRGAPLAK', 'VVFRDPYK']",4.88,2.14,0.98,3329567.1,1464314.8661,668334.681,5462216.6471
Q01560,['SFANQPLEVVYSK'],4.71,2.7,0.6,369375.1,211427.6387,46687.5401,627490.2788
P0C2H6:P0C2H7,"['SVVSTETFEQPSQREEAK', 'AFEERHQAGK', 'VAVVVRGRYAGK']",4.86,2.05,1.09,5031310.5,2123640.3263,1124114.6382,8279065.4645
P07245,"['YILVSGITPTPLGEGK', 'TNPDDLTPEEINK', 'TQYSLSHDATLK', 'LVGTEPEAK']",4.61,2.42,0.97,1649359.8,864421.6867,346239.4084,2860020.8951000003
P00925,"['LNQLLRIEEELGDK', 'NVPLYQHLADLSK']",4.96,1.91,1.13,38172548.6,14712315.2814,8707618.2208,61592482.1022
P11076:P19146,['QDLPEAMSAAEITEK'],5.5,2.1,0.4,631833.2,240889.5837,46013.0325,918735.8161999999
P41056,['IEGVATPQEAQFYLGK'],5.87,-0.03,2.16,25540.8,-146.1397,9400.0629,34794.7232
P26784,"['VASANATAAESDVAK', 'VFEGIPPPYDK', 'VSSAEYYAK', 'SVEPVVVIDGK', 'ALRGMVSHK']",4.94,1.93,1.13,3184484.4,1241785.1375,730158.3443,5156427.8818
P16521,"['LVEDPQVIAPFLGK', 'DETVAPRFK', 'NLTEEVWAVK', 'MVAEVDMK', 'SAVIIDNMCK', 'VLEELFQK', 'GNFTEFVK', 'DILDEFRK', 'ALLPHLTNAIVETNK', 'AAATAAMTK', 'LSSAELRK']",4.83,2.11,1.06,17168825.9,7521714.3119,3774868.4695,28465408.6814
P04147,"['GFGFVCFSTPEEATK', 'AVEALNDSELNGEK', 'ERDSQLEETK', 'AHYTNLYVK', 'QRQALGEQLYK', 'NLHPDIDNK', 'YQGVNLFVK', 'GFGFVNYEK', 'QYEAYRLEK', 'GSGNIFIK']",5.06,1.86,1.09,4849467.5,1780653.1064,1040973.8205,7671094.4269
P14120,"['VYYFQGGNNELGTAVGK', 'SELEYYAMLSK', 'LIIIAANTPVLRK']",4.88,2.37,0.76,1585003.2,769106.5915,245697.1589,2599806.9504
P38720,"['SIIGATSIEDFISK', 'VDHFLANEAK', 'NIFQSISAK']",4.86,2.23,0.91,4747808.6,2181391.6059,892321.3229,7821521.5287999995
P05739,"['HLEDNTLLVTGPFK', 'WYPSEDVAAPK', 'TERVEDQK']",5.05,2.09,0.86,790665.5,327149.3046,134100.623,1251915.4275999998
Q07478,"['TAVFYGGTPISK', 'STTRANELTK', 'EDEEVLAK', 'YIDLSHVK', 'IQERFDVK', 'GSYVGIHSTGFK']",5.36,1.13,1.51,2973969.2,627672.7318,836313.7834,4437955.7152
P04456,"['VIEQPITSETAMK', 'ELYEVDVLK']",4.89,1.97,1.14,11365544.3,4569007.2098,2659602.3592,18594153.869000003
P04840,"['NELITSLTPGVAK', 'DGPLSTNVEAK', 'VSDSGIVTLAYK', 'SPPVYSDISRNINDLLNK', 'LSEPVHK']",4.25,2.45,1.3,5752720.3,3315747.2332,1766887.853,10835355.3862
P16861,"['DALIELGLDTK', 'LSEVDASGFRIPQQEATNK', 'AQSQGALLK', 'EEVAPYK']",4.85,2.13,1.02,3828886.3,1685558.7163,806158.9362,6320603.952500001
Q04947,"['TAPVSSTAGPQTASTSK', 'LAADVPLEPESK', 'LFLGQGLITK', 'LGPISNLVK']",4.36,2.41,1.23,3440173.4,1895837.7188,969761.5509,6305772.6696999995
P38009,"['IISREVSDGVIAPGYEPEALAILSK', 'YIAAPSGSVMDK', 'VDYVVCNLYPFK']",4.91,1.96,1.12,1422664.6,568841.0987,325597.3443,2317103.043
P38879,"['DDIELVVQQTNVSK', 'VDNFTQK', 'ARELIGK']",5.4,1.83,0.78,5099744.5,1726131.2843,732942.7734,7558818.5577
P41940,"['DFLSGTVLYLNSLAK', 'ETFPILVEEK', 'SISDNVPK', 'ELADFHK']",4.38,2.45,1.17,4128172.9,2310372.2578,1101512.9366,7540058.0944
P39015,"['GNNTANATNSANTVQK', 'ADVPPPSADPSK', 'VELDAERIETAEK']",5.04,2.05,0.91,2125600.3,862743.952,385514.6013,3373858.8532999996
P38249,"['GHVYIDPNEAK', 'EEIANAERQK', 'QREIEEAAAK', 'QQLENLLVK', 'RADELISVGEK', 'SLDLDTIK']",5.02,1.69,1.29,2044173.2,689177.6199,526248.7593,3259599.5792
P38248,['VGQSLSIVSNDELSK'],5.02,1.9,1.08,758140.4,285987.6634,163015.3199,1207143.3833
P0CX55:P0CX56,"['DYHTLANNVESK', 'IVYALTTIK', 'ADVDLHK']",4.87,2.02,1.11,7280582.5,3026010.8948,1665533.9463,11972127.3411
P43616,"['AIQIPAVSSDESLRSK', 'LDISNFVGGMK', 'LVIDEAK', 'LTSLVQK', 'FISEQLSQSGFHDIK']",4.93,1.8,1.26,6184157.4,2258988.8939,1582094.4114,10025240.7053
Q03558,"['ANNPQHSITK', 'FAYSIWK', 'YDRDTFYK', 'EYVQAAK']",4.61,2.14,1.25,2678745.5,1246505.9608,724928.5678,4650180.0286
P40185,"['NILAESNSSLDNIVK', 'AEQVFQNVK', 'LAPPAAASYSQAMK', 'VNVFLADMK']",4.74,2.13,1.13,4171850.3,1877994.8687,997343.1347,7047188.303400001
P37291,"['AVEFAQQVQQSLPK', 'GVDGARVEYICEK', 'AFHVTPDK', 'EYQTQVLK', 'VLVAGTSAYCRLIDYK', 'ALESEFK', 'INIALNK']",4.95,2.0,1.05,19205091.7,7782788.6924,4073678.5242,31061558.9166
P46655,"['ANFEIDLPDAK', 'LDDATEDVFNK', 'IHLEGSEAPQEPK', 'AALLNQYFAQAYK', 'AYCDDTPTEK', 'IGDIIQFERK', 'LNLEGDFK']",4.79,1.99,1.21,2648118.9,1101930.8058,669216.0167,4419265.7225
P46367,"['IVGEAITNHPK', 'TAESTPLSALYVSK', 'IAPALVTGNTVVLK', 'EEIFGPVVTVTK', 'NEGATLITGGERLGSK', 'VTLELGGK', 'SSAGFADK', 'SPNIVFADAELK']",4.82,1.32,1.86,1488139.9,406171.8873,573211.0385,2467522.8257999998
P31539,"['HGHEELTQAK', 'EIEERFEQNDK', 'GDFEERFK', 'EAQVDIEAIK', 'ALERDEDADSTTK', 'SNPCLIGEPGIGK', 'IVDIRLK', 'VIGATTNNEYRSIVEK', 'LNLTQEAK']",5.15,1.79,1.06,8426070.8,2924118.4155,1737334.1174,13087523.3329
P48164,"['TFIDLESSSPELK', 'SIREIDVTGGK', 'VLEDMVFPTEIVGK']",5.16,1.7,1.14,1963587.6,645464.1868,433798.8404,3042850.6272
P15019,"['FQPQDSTTNPSLILAAAK', 'GEADPGVISVK', 'IASTWEGIQAAK', 'VANNSLEQLK', 'LFEQEGVSK', 'ISYISDESK']",4.89,2.04,1.07,7980400.7,3330343.2693,1748508.2187,13059252.188000001
P17967,"['YGLPQLSEEAFDELSDK', 'NHDEIVNDPK', 'ALYEEAQEK', 'FGRHAGNLNMK']",5.19,1.65,1.16,3127357.3,995394.5367,698435.8556,4821187.6923
P47143,"['SMYQVQNDIGTGK', 'FSERLLNENEK']",5.33,0.98,1.69,634522.1,116693.9573,201399.6281,952615.6854
P02309,['TVTSLDVVYALK'],6.76,0.33,0.92,2771009.9,134358.6384,376254.1149,3281622.6533
P0CH08:P0CH09,"['CGHTNQLRPK', 'QLEDGRTLSDYNIQK']",4.89,2.55,0.56,1486397.8,774162.0468,168927.8389,2429487.6857
P10622,['AAGANVDNVWADVYAK'],5.11,2.08,0.81,365557.6,148561.1698,57826.9931,571945.7629
P30624,"['DSSINIENYLEDAK', 'AVYSDLLK', 'TFSFDDILK', 'LVDVEELGYFAK']",4.82,1.24,1.93,1793945.4,463239.0428,719828.3146,2977012.7574
P05748,"['YFEVILVDPQHK', 'YLEELQRK']",4.74,2.19,1.07,1601587.6,737539.2117,361150.6792,2700277.4909
P22203,"['DLVSGGVVVSNASDK', 'DDIMREYGEK', 'AMLSQQITK', 'ADQEYEIEK', 'MQAFIRK']",5.06,2.15,0.8,2832700.6,1203611.49,445991.519,4482303.609
P01120,['DTDYVPIVVVGNK'],5.09,0.43,2.48,84413.4,7056.6723,41148.6375,132618.7098
P05744,['IEGVATPQDAQFYLGK'],5.9,0.15,1.95,26123.6,655.082,8655.9726,35434.654599999994
P25694,"['AEQEPEVDPVPYITK', 'GVLFYGPPGTGK', 'MAGESESNLRK', 'VEGEDVEMTDEGAK', 'TPLEPGLELTAIAK', 'AVATEVSANFISVK']",5.03,1.57,1.39,3212122.7,1003216.3069,889972.4818,5105311.488700001
P0CX51:P0CX52,"['GLVAYHQK', 'VYEPLLLVGLDK']",4.71,2.08,1.2,3401083.4,1503691.5458,866884.1525,5771659.0983
Q02326,"['HLEDNTLLISGPFK', 'WYPSEDVAALK']",5.69,0.68,1.63,1441541.4,172631.1841,413174.5173,2027347.1013999998
P0CX38:P0CX37,"['GEQELEGLTDTTVPK', 'QGVLLPTRIK']",6.15,1.48,0.37,165250.5,39667.2447,9957.8019,214875.5466
P53184,['TTVLLDYTRPISDDPEVINK'],5.54,2.39,0.07,263035.7,113428.4359,3438.0017,379902.1376
P04802,"['AYLAQSPQFNK', 'AHGLSPEDPGLK']",4.63,1.33,2.04,1456400.3,416931.9367,643024.1138,2516356.3505
P35723,"['NQPGNVAAAEASK', 'LQEELRK']",4.81,2.28,0.91,358931.8,170509.5916,67631.1079,597072.4994999999
P22943,"['GVFQGVHDSAEK', 'DNAEGQGESLADQARDYMGAAK']",4.81,1.81,1.38,5914412.4,2224143.5396,1697345.1944,9835901.134
P23542,"['IIRSEVSNPPAYGAK', 'TATYPYWANETK', 'LSTVSPVFVCQSFAK']",8.64,-2.81,2.18,1616834.7,-526653.3483,407081.3166,1497262.6683
P32835:P32836,"['NLQYYDISAK', 'FDVWDTAGQEK', 'LVLVGDGGTGK', 'RHLTGEFEK']",4.79,2.25,0.95,11432793.6,5376484.5852,2277085.694,19086363.879199997
P38701,"['VEEQEQQQQQIIK', 'QLENVSSNIVK', 'IRITLTSTK', 'RYIDLEAPVQIVK']",4.91,2.13,0.97,5973320.5,2591284.9523,1176606.1992,9741211.651500002
P06168,"['RSLEFNSQPDYREK', 'AAIEDGWVPGK', 'NLFTVEDAIK', 'DLDVILVAPK', 'DLTHVEPPK']",3.53,6.94,-2.47,2854067.1,5615545.0534,-1996711.1668,6472900.9866
P10081,"['GVAINFVTNEDVGAMRELEK', 'FTVSAIYSDLPQQERDTIMK', 'VEELTTK']",4.76,2.06,1.18,7986433.9,3448175.7049,1975882.1249,13410491.7298
P40075,['QTSNSTPAPQNQIK'],4.47,2.12,1.41,121048.0,57413.1472,38038.005,216499.1522
P07244,"['TLGEGILEPTK', 'GLNTGGMGAYAPAPVATPSLLK', 'GVIIPSSIDESVQAIK']",4.46,4.34,-0.8,797004.6,776864.2058,-142866.7588,1431002.047
P36105,"['LAAIVEIIDQK', 'WAAAAVCEK']",4.96,2.0,1.05,3572871.8,1439834.7059,754139.7076,5766846.2135
P0CX47:P0CX48,"['TAIEGSYIDK', 'ILTGTVVSTK', 'QPHIFNNPK']",4.76,1.99,1.24,24278133.6,10161308.0968,6342514.099,40781955.7958
P07149,"['EFDETIFNLPK', 'LLQENDTTLVK', 'IDIIELQK', 'AIFPNTVDGDLLK', 'YIPNLTAK', 'QEIFDVTSNGLK']",4.86,2.03,1.11,4479111.4,1874112.1111,1022426.9181,7375650.429200001
P48836,"['AEAGVQGELAEIK', 'EAHEIVSK']",4.72,1.9,1.39,2291558.1,921204.5002,675145.8292,3887908.4294000003
P38910,['VGDQVLIPQFGGSTIK'],4.81,2.12,1.06,94064.5,41442.0766,20800.8894,156307.46600000001
P06787,"['SNDSEQELLEAFK', 'HVLTSIGEK']",5.11,2.02,0.87,1938894.4,767077.9975,331184.6449,3037157.0424
P07251,"['TAVALDTILNQK', 'HALIVYDDLSK']",4.74,2.03,1.22,1380484.2,592008.8931,355153.831,2327646.9241
P08566,['ILVAYGLPVSPDEK'],4.05,1.65,2.3,79098.3,32286.1485,44990.1599,156374.6084
P40069,"['EVASAALSELALGTK', 'VYGENFAPFLK', 'SVLLASK', 'TSVHYLEK', 'YLDPLMNK', 'LGPEITVAALK']",5.36,1.43,1.21,2608702.2,695733.3439,587652.5538,3892088.0977
P38934,"['VVADDLVLVTPK', 'NTENEQPASIFNK', 'DLVNIEPIRK', 'DDFVNVAPSK', 'LDTLNVQLK', 'HEELLSK']",4.51,2.09,1.4,2528466.9,1168898.5571,783656.2834,4481021.7405
P00815,"['GNSALLEYTEK', 'ILGPGNQFVTAAK', 'LLQISTDCDSDALK', 'ALSRPIQK']",4.47,1.5,2.04,1904263.6,637180.6674,867954.6767,3409398.9441
Q07551,['TAQDDSQPFFEYVK'],5.11,1.23,1.66,164375.5,39700.8975,53445.877,257522.2745
Q08245,"['NEATPEAEQVK', 'EQAEASIDNLK']",4.79,2.04,1.18,6511501.0,2767857.2914,1599740.8868,10879099.1782
P32527,"['QSAAGGSLDQDGFFK', 'TADLYAAMGLSK']",5.25,1.34,1.41,986143.8,250815.8562,265626.0557,1502585.7119
P38061,"['TYAAEIAHNISAK', 'DLETLTMHTK']",4.7,2.13,1.17,5801030.5,2634146.3313,1438850.9061,9874027.737399999
P38999,['TIDEVHRAGGK'],1.32,3.93,2.75,2846.6,8465.5531,5912.498,17224.6511
P17536,"['QLSEDSHHLQSNNDNFSK', 'LEAELAESK', 'NHQLEEEIEK', 'LEAESWQEK']",4.89,1.97,1.14,3848488.7,1551717.8334,900239.5356,6300446.069
P07806,"['ITPAHDQNDYNTGK', 'TGVFEPEFTADGK', 'EEYHSRIK', 'YLIQEGSAIEK', 'TGEVIINPLK', 'ILVSLDDPALK', 'LLQGNLDPREVEK']",5.25,1.91,0.84,1546127.3,563380.1221,247206.0923,2356713.5144
P39954,"['RATDVMLAGK', 'VQSEYLGIPEEGPFK', 'VAVVAGYGDVGK', 'AYGDVQPLK', 'ILDEAVAK', 'VPAINVNDSVTK']",2.96,0.29,4.75,14557933.2,1434732.6244,23404884.5164,39397550.3408
Q00955,"['TGLVSVDDDIYQK', 'SHGGHTVISK', 'SLAPEVHQQISK', 'ISSTIVAQSAK', 'IGSFGPQEDEFFNK', 'IIEEAPVTIAK', 'AETFHEMEK']",6.69,0.13,1.18,1507857.6,28943.9823,265168.9365,1801970.5188000002
P19097,"['GSTLIVVPFNQGSK', 'EIYYTPDPSELAAK', 'QVLDVDPVYK', 'ELVETSEVRK', 'QVTDYYQSIYAK', 'GATLYIPK', 'YASPNLNMK', 'EVASLPNK', 'AAEEAGVTDVK', 'FLTGHPK']",5.25,1.56,1.19,2087136.6,620610.6146,475157.35,3182904.5646
P0CX29:P0CX30,"['GDIPGVRFK', 'SSPFGGSSHAK', 'RLLGTAFK']",4.88,2.16,0.95,8700179.3,3848148.6916,1700883.9283,14249211.919900002
P07170,['DELTNNPACK'],5.07,2.3,0.63,1109494.4,503249.6787,137225.2463,1749969.325
O14467,['LRGNNIGSPLGAPK'],5.14,2.09,0.77,101148.6,41112.8506,15088.6326,157350.08320000002
Q12230,"['NAAGNFGPELARK', 'FALIAGYGK', 'YDQYRVTLK']",8.81,-1.41,0.6,21346086.2,-3409627.3283,1449830.0468,19386288.9185
P05317,"['TSFFQALGVPTK', 'IARGTIEIVSDVK', 'LREYLEEYK']",4.77,2.21,1.02,1639831.5,761571.6216,350757.0353,2752160.1569000003
P14832,"['HVVFGEVVDGYDIVK', 'VESLGSPSGATK']",3.66,1.38,2.96,12238992.9,4617521.1951,9926353.4906,26782867.585699998
P00331,['VVGLSSLPEIYEK'],5.46,2.32,0.22,857714.3,364467.8738,35273.4734,1257455.6472
P17709,"['GFRIADTVGK', 'DVVQLYQEQLSAQGMPMIK', 'YHPDELAK', 'YDVVIDQK']",5.01,1.88,1.11,12594827.4,4715481.2712,2793918.5855,20104227.2567
P23180,"['GSSFVSPATRK', 'LVTTGELYHNEK']",3.64,2.18,2.18,90937.5,54321.5914,54523.2104,199782.30180000002
P05738:P51401,"['SLVDNMITGVTK', 'FLDGIYVSHK', 'VVGPRGTLTK', 'VNNQLIK']",4.82,2.08,1.11,10823339.7,4673427.5779,2484802.6281,17981569.906
P0C0W1:Q3E7Y3,['CGVISPRFNVK'],6.24,1.33,0.44,177428.0,37728.3948,12450.5031,227606.8979
P00830,"['ETGVINLEGESK', 'VVDLLAPYARGGK', 'IGLFGGAGVGK', 'DTVASFK']",5.0,2.08,0.92,3245721.5,1352423.7942,599400.9281,5197546.2223
P02293:P02294,"['QTHPDTGISQK', 'ETYSSYIYK', 'HAVSEGTRAVTK']",4.9,2.12,0.98,28785984.8,12472664.1759,5743932.4346,47002581.410500005
P33330,"['GGVEAQQAENEEK', 'AVQNLVDFIK', 'DGLDDQFLK', 'IAPAGYLVTGSWSQK']",4.59,1.64,1.77,2637036.6,943610.9099,1019856.6749,4600504.1848
P38968,"['SLPAQNPATATTSK', 'ISGLESNTTLSEALK']",5.3,1.58,1.12,270774.6,80827.3558,57368.2011,408970.1569
P26783,"['TIAETLAEELINAAK', 'GSSTSYAIK']",4.72,2.06,1.22,3329480.2,1456923.2748,862723.4054,5649126.8802000005
P05756,['LSSESVIEQIVK'],4.9,2.22,0.88,2204719.0,1000181.4508,396346.9969,3601247.4477
Q12672,"['SSVGVIINK', 'MVGNRYLEK', 'AQGVAVQLK', 'TGVVYNVTK', 'CRQEFLERVK', 'VGDIVDIK', 'HGAVHMSTYLK']",5.29,1.89,0.82,29297266.0,10491194.0127,4522878.5512,44311338.5639
P32471,['AERIAAYNAK'],4.89,2.1,1.01,1341732.6,575861.5408,277393.2314,2194987.3722
P0CX43:P0CX44,"['YNAFIASEVLIK', 'QVPRLLGPQLSK', 'ITSSQVREHVK', 'FPTPVSHNDDLYGK', 'VTDVRSTIK']",4.91,2.15,0.94,2887360.5,1265019.123,554406.6348,4706786.2578
P38088,"['IDGYSGPELGELMEK', 'QVRGSVENVIK', 'TPFASASIGK', 'GDQEARGLVEDANAAAK', 'LDNPIEVTK', 'DLVPVTTEVAK']",5.04,2.13,0.83,3083769.2,1300891.7556,508625.2878,4893286.2434
P16474,"['VFTPEEISGMILGK', 'SESITITNDK', 'HGIDVSDNNK', 'VYEGERAMSK', 'HLPFNVVNK', 'QIAEDYLGTK', 'VQQLLESYFDGK', 'LENYAHSLK']",4.97,1.66,1.36,2430671.0,811600.6979,666660.5788,3908932.2767000003
P10080,"['EHTDGHIPASK', 'DTLYINNVPFK']",5.64,2.28,0.08,113829.5,46088.058,1664.2909,161581.84889999998
P30657,['VVDRESDIPK'],4.68,2.62,0.7,72766.9,40794.0292,10845.2146,124406.14379999999
P0CX40:P0CX39,['FELGRQPANTK'],4.61,1.97,1.42,1055827.0,451417.3752,326530.6021,1833774.9773000001
P38427,"['VERLPGSYYK', 'FLVENPEYVEK', 'LVNDEASEGQVK', 'YDSYPVLTDDDTFK']",5.1,1.59,1.31,1090348.3,340060.6775,279953.722,1710362.6995
P31373,['LVWIETPTNPTLK'],4.63,2.52,0.85,187023.8,101620.68,34514.4253,323158.9053
P0CX41:P0CX42,['VMPAIVVRQAK'],7.5,-0.35,0.85,241223.2,-11304.8773,27394.679,257313.00170000002
P22217,"['NEVSAMPTLLLFK', 'FSEQYPQADFYK', 'LDVDELGDVAQK', 'TASEFDSAIAQDK']",5.05,1.67,1.28,1619998.7,536393.638,411907.2303,2568299.5683
P23301,"['VHLVAIDIFTGK', 'LEDLSPSTHNMEVPVVK']",4.92,1.94,1.13,958340.0,378215.063,220300.0042,1556855.0672000002
P06105,"['GLEESHPNVK', 'DLPSLGSNAAFANVK', 'ITITGAPENVEK', 'NHDVSVESTLSK', 'LHTPEENQLTVRGDEK', 'TSIQDYLK', 'GSNLQQIREK', 'VVEEINK', 'IFESILNSPSSK', 'LASNLDEEK']",5.02,1.94,1.04,2313196.1,896036.7356,479707.6834,3688940.519
P54838,"['GSSTMIDALEPFVK', 'VLDPIPSTEDLISK', 'IVGAFAEEYSSK']",4.85,2.06,1.1,616410.0,261606.6898,139375.4277,1017392.1175
P89886,"['IEDVIDELIPK', 'FDELIPSLK']",5.96,2.31,-0.27,408985.3,158398.8229,-18377.9123,549006.2106
P22146,"['MTDYFACGDDDVK', 'TSGYADRTAEFK']",5.37,1.62,1.01,433603.9,130613.5659,81472.1139,645689.5798000001
P37302,"['HTVATVGVPYK', 'LVEIPNLGCEEK', 'EGLHGTLGEPTK']",5.17,1.73,1.11,1837114.7,613592.8712,393222.724,2843930.2952
P38788,"['EAVLTVPTNFSEEQK', 'LAAEDYIGSAVK']",5.14,1.69,1.17,1735680.1,570104.1439,396945.3279,2702729.5718
Q12250,"['TRQASDLASSK', 'GDYSQATVLSRK', 'IVDLLASRNK', 'LEYYNLLVK']",4.82,1.39,1.8,243678.4,70091.9988,91086.758,404857.1568
Q12117,"['YNHVQTSTQK', 'APVASPRPAATPNLSK']",5.33,2.24,0.43,2687713.9,1131434.7191,216837.8368,4035986.4559
P05694,"['NVSGQDVAAALEANAK', 'AYTYFGEQSNLPK', 'AVDVTALEMVK', 'GFFSFATQK']",5.34,1.14,1.53,1646704.1,350346.0707,470408.0311,2467458.2018
Q01855,"['LLEMSTEDFVK', 'THSYRGVDLEK']",4.99,2.18,0.83,4940777.8,2153733.8186,822373.7633,7916885.381899999
P0CX85:P0CX84,"['FEASQVTEK', 'EQLASQLVDLK']",4.87,2.01,1.13,11254140.0,4634979.359,2603082.7312,18492202.0902
P35691,"['LQETNPEEVPK', 'GAQTYVK']",4.89,2.34,0.76,2187050.5,1047605.8377,341850.8905,3576507.2282
P49090,"['ANADANEDNNVDEK', 'TVYFASELK']",1.95,2.65,3.4,797723.9,1084638.2644,1389408.2197,3271770.3841000004
P28834,['EGVYEAVESLK'],4.6,1.75,1.65,923551.0,352121.1611,332018.5259,1607690.6870000002
P17255,"['SDSSREVPELLK', 'LADSTGDVK', 'ITLDVATLIK', 'LNLCAEYK', 'YTNVLNK']",5.45,1.71,0.84,5629011.7,1770169.7078,870945.1028,8270126.510600001
P41338,"['TAVELGAVALK', 'FDNEIVPVTIK', 'AIILGAQSIK']",5.72,1.62,0.66,2209060.9,627891.6979,254708.1333,3091660.7312
P38791,"['HIDELDDHEK', 'MLEEQDEYVK']",5.69,2.79,-0.48,553585.1,270976.93,-46669.6209,777892.4091
Q12285,['DVTNLGVPLPTLK'],1.19,0.1,6.71,19334.3,1572.0995,108861.1082,129767.5077
P24000,['VEVDSFSGAK'],4.48,1.5,2.02,4464611.5,1495746.515,2006944.003,7967302.017999999
P16862,"['TISDTAAVVGVK', 'TNRISNEQYERMK', 'AAIDFYTK', 'ILLRPDEK']",4.81,2.09,1.1,4512058.8,1960220.7709,1031348.5343,7503628.1052
Q12363,"['FVYQGETVSK', 'TGETTLLSMSK']",5.0,2.16,0.84,4570993.6,1974774.8442,770632.4325,7316400.8767
P18239,"['TAASPIERVK', 'IVAAEGVGSLFK', 'LLIQNQDEMLK']",5.24,1.27,1.49,1243402.1,301389.1546,352830.9311,1897622.1857
P25087,"['YDENNPEHRK', 'IAYEIELGDGIPK', 'TGLSALMSK', 'MDFEENTFDK', 'VYAIEATCHAPK']",4.95,1.73,1.31,4468226.6,1563077.232,1183055.6055,7214359.4375
P28777,"['TATYDGEEGILAAK', 'TLGTPIAMMIK']",7.26,0.07,0.68,569649.8,5331.2318,53106.1153,628087.1471
P10659,"['SDEEIIDIISK', 'VIPRDMLDENTK', 'TQVTVEYK']",5.21,2.04,0.74,2851961.0,1116716.6528,407347.9503,4376025.6031
P23254,"['LGNLIAIYDDNK', 'FFGFTPEGVAERAQK', 'LFSEYQK']",5.07,1.62,1.3,3602022.1,1153006.3064,923633.3489,5678661.755299999
P53163,['GLLGLSLVEAK'],5.06,1.42,1.52,183967.9,51814.2393,55355.1127,291137.252
P07284,"['GGNPELIRQSQK', 'MISYSEEFYK', 'TRFELDELNK']",5.06,1.75,1.19,685375.8,236665.4339,160968.4485,1083009.6824
Q05911,"['VYPVTGQTYSRK', 'DVNNALQPFQK', 'SQIGSSAMAYK', 'YLNDEQVK']",4.66,2.06,1.27,4217779.6,1863982.2194,1152359.5529,7234121.372299999
P40043,['VQTVTTEDGETVK'],5.41,1.6,0.99,1049634.9,309762.8456,192124.3552,1551522.1008000001
P29547,"['VVTPDAAAEQFARDFPLK', 'SVDSAMDAVDK']",6.03,-0.05,2.01,946068.8,-7064.1678,316052.8724,1255057.5046
P53252,['IALIAGYGK'],5.02,2.06,0.92,4159334.0,1707573.125,762769.7972,6629676.9222
P52910,"['APQHFYNSQPGK', 'VVYEAHNVK', 'VVITCDEGK', 'VSQIAGVLK', 'RVGEAEIAK']",4.73,1.93,1.34,14593219.1,5972578.0357,4128106.3552,24693903.4909
P20081,['IDRISPGDGATFPK'],4.96,1.95,1.09,145703.0,57118.1375,31956.9947,234778.13220000002
P15454,"['DYNFVSVDEFK', 'RLEGRGTETEESINK']",0.77,2.5,4.73,554141.3,1800157.5305,3399295.505,5753594.3355
P40202,['SLNHPENEPSSVK'],4.53,2.26,1.21,58559.5,29186.4437,15646.7028,103392.6465
P38250,['HVVNVQNPPK'],4.29,2.44,1.27,36488.8,20731.2722,10766.6034,67986.6756
P11075,['ALNPNTHTANK'],4.7,2.52,0.79,60932.4,32655.7862,10234.0635,103822.2497
P38804,['AQVENEFGK'],5.04,2.01,0.95,2168709.5,865069.1291,410994.5888,3444773.2179
P05750,"['GCEVVVSGK', 'IMRDPAK']",4.94,1.94,1.12,6693490.8,2621312.0256,1516765.5389,10831568.364500001
P07259,"['EYGITPFVK', 'HIELQTGPDGK', 'LGLNIPLNEVK', 'ATGYPLAYTAAK', 'VVGVNLIELATK', 'DEFEALGVK', 'VVPWNYDFTK', 'QELLSSVQK', 'VSINEPK']",5.32,1.51,1.17,3512562.0,994189.3816,770915.0203,5277666.4019
P07267,['YDHEASSSYK'],5.06,1.88,1.06,888794.1,329547.7941,185922.2068,1404264.1009
P07560,"['ELGIPFIESSAK', 'ILLIGDSGVGK']",5.03,1.85,1.12,642104.6,235521.1854,142643.4945,1020269.2799
P38219,"['AGIVGLANVGK', 'IITTMRQK', 'LQTISALPK', 'VLLGRPGNNLK', 'DIEFAQK']",6.16,0.04,1.79,4724526.1,33642.4779,1375732.7732,6133901.3511
P00942,['ADVDGFLVGGASLK'],4.31,1.11,2.58,71845.4,18503.6275,43079.4408,133428.4683
P20449,['ITSQLIVPDSFEK'],4.08,0.85,3.07,43967.6,9166.5076,33156.0052,86290.1128
P31688,['DAIVVNPWDSVAVAK'],6.39,0.76,0.85,26365.8,3128.5027,3506.8882,33001.1909
Q03104,"['RESSPFLTK', 'ENIYRTSEK', 'MFLDARGIK']",5.52,1.02,1.46,2026121.3,372321.1466,536085.9735,2934528.4200999998
P38626,['AIAMDPHDTTK'],4.07,3.5,0.44,37398.6,32166.2107,4005.5658,73570.3765
Q08972,['LLTGELVPNEGK'],5.41,1.36,1.23,173571.4,43622.5778,39533.1633,256727.1411
P40581,"['IDVNGGNEDPVYK', 'SGMLGLRGIK']",7.18,0.88,-0.07,3792158.5,466469.0014,-34903.7839,4223723.7175
P06634,"['TGGFLFPVLSESFK', 'VLYVENQDK']",5.04,1.65,1.31,1355837.0,442969.4964,352318.262,2151124.7584
P19414,"['GVPDTARDYRDQGIK', 'QNVETLDIVRK', 'VSPTSDRLQLLK', 'TTTDHISMAGPWLK', 'DMPILIK']",5.83,1.07,1.1,3592734.9,657854.0332,679744.0906,4930333.0238
P36010,['SGPILATVWEGK'],3.04,1.57,3.39,291206.9,150436.2457,324603.1298,766246.2755
Q06151,['RGLEEELTK'],5.07,1.74,1.2,489254.0,167937.4318,115514.1326,772705.5644
P28241,"['ISIFEAVHGSAPDIAGQDK', 'GPLATPIGK']",4.87,2.32,0.81,6709406.4,3199884.3161,1121152.3807,11030443.0968
P38234,['IAGLFVSGAISGK'],5.24,1.6,1.15,82147.0,25120.9219,18053.6047,125321.5266
P40215,"['DDSEVARLK', 'VAPTTGVVAK']",4.73,1.16,2.1,540396.8,132943.8739,239817.7078,913158.3817
P07283,"['TYCLQHVEK', 'CCIGFVGGSDLSK']",5.28,1.92,0.8,482815.1,175158.4016,73120.8277,731094.3293
Q03161,['TAIEVENTSSSK'],4.91,2.08,1.01,300538.6,127128.2303,61680.6149,489347.44519999996
Q03973,"['DSLVSSLFELSK', 'IERDPNAPK']",4.78,2.42,0.8,121031.8,61278.4763,20396.558,202706.8343
P09064,['TIFSNIQDIAEK'],5.23,1.58,1.19,534234.6,161509.002,122129.7315,817873.3335
Q3E754:P0C0V8,"['ADDHASVQINVAK', 'CSATNRIIK']",5.49,1.23,1.28,506011.8,113230.0276,117515.3048,736757.1324
P40302,"['DTPFTIYDGEAVAK', 'RNADELSSYQK', 'IDGNPDELIK']",4.84,2.36,0.8,966179.7,470824.4723,159948.3554,1596952.5277
P06738,"['IEDPEDPAASK', 'GALDDLGFK']",4.82,2.03,1.15,1931967.7,811553.6551,461397.082,3204918.4370999997
P29453,"['EAAAIAEGK', 'MGVPYAIIK']",4.81,2.12,1.07,16386197.4,7198316.1905,3640897.6669,27225411.257400002
Q12109,['DIIAVGFDPK'],4.52,1.42,2.06,68197.0,21428.8926,31030.979,120656.87159999998
Q08977,['SLESHQVAEK'],4.69,1.44,1.87,124876.1,38465.1012,49746.5947,213087.79590000003
P32454,"['TIELEDPTFFK', 'SSDSFSTQRLK', 'GVSQYLNK', 'VTLFNTTPK', 'TLAFFEK', 'IYLDPISNDEK']",5.11,1.64,1.26,1577194.8,505568.1705,387612.5134,2470375.4839
P15624,"['NSGFEIIQGLLGK', 'QQLFDLLGK', 'FVPLNQTQEFTGDK', 'VFETGDVVFK']",5.23,1.55,1.22,900653.1,266213.7887,209761.0876,1376627.9763
P07262,['VIELGGTVVSLSDSK'],3.34,2.73,1.93,92120.2,75485.2455,53201.2589,220806.7044
P08524,['ADVLTAFLNK'],4.88,2.0,1.12,377120.5,154199.2798,86617.911,617937.6908
P17076,"['MGVPYAIVK', 'TRNPLTHSTPK']",4.33,2.41,1.25,1767994.7,985016.4507,511092.5462,3264103.6969
P27616,"['TIFDYLPAK', 'VGESQDSYDK']",4.79,2.13,1.09,1032073.3,459163.1488,234061.7018,1725298.1506
P21954,"['DIFQEVYEAQYK', 'RGELDNTPALCK']",4.8,1.63,1.57,318713.4,107927.9009,104499.9991,531141.3
P51402,"['TCSSCGYPSAK', 'TRSHNWAAK']",5.08,2.15,0.78,165412.1,69931.6486,25367.9848,260711.7334
P22137,"['ALQDAVDSYDK', 'FSDLIGPSTLIK', 'IYIDSNNSPEK', 'LVNDACIEK', 'DGTNSVAIVDLAK']",4.48,2.97,0.55,1652514.3,1097598.0614,202703.7864,2952816.1478
P0CX82:P0CX83,"['RLAASVVGVGK', 'RALVEHIIQAK']",4.93,2.13,0.94,4202047.3,1811058.5201,800593.9032,6813699.7233
P53278,['AIEEQTRQK'],8.89,-4.12,3.23,22914.5,-10616.3126,8314.7883,20612.975700000003
P0CX28:P0CX27,"['VVLRLECVK', 'HFELGGEK', 'TRAQLTLK']",5.08,1.8,1.12,20252782.1,7166917.7863,4482390.6564,31902090.5427
P32497,"['LLDEMQDVYNK', 'LAELFDLPENK']",4.71,2.44,0.85,361529.0,187351.4275,65195.8495,614076.277
P17505,['FANAVLSGFK'],5.01,2.12,0.87,500677.9,211417.4343,86715.3004,798810.6346999999
Q12447,['LSNQEIGNK'],8.62,-0.01,-0.61,2859526.5,-1894.8757,-203419.8836,2654211.7407
P02400,['GSLEEIIAEGQK'],3.38,10.38,-5.76,197622.9,606265.075,-336460.3331,467427.6419
P39517,"['TAAFVIPTLEK', 'GNTFEDFYLK']",5.43,2.46,0.11,342238.7,155258.2419,6667.4378,504164.3797
P23248,['VISEILTREVQNSTLAQLTSK'],4.95,1.27,1.78,223609.3,57494.2606,80312.2004,361415.76099999994
P15705,"['FSDALNDANECVK', 'AEEARLEGK', 'SLTEHRTADILTK', 'ATAQIAVK', 'TIEYYQK']",5.13,1.86,1.01,3460234.4,1255926.5773,679423.3581,5395584.335399999
Q04336,['DAFEEYLVQGK'],5.05,1.68,1.27,76707.5,25494.5015,19366.1188,121568.1203
P20606,['LLFLGLDNAGK'],4.87,2.33,0.8,573730.9,274253.2936,93719.8952,941704.0888
P12945,['AVEVASLFTK'],4.64,1.92,1.44,315212.2,130277.1289,97876.3714,543365.7003
P38431,['LQDVLDGFINK'],4.68,2.32,1.0,283934.3,140718.6041,60856.2658,485509.1699
P07246,"['SEVFSHVVK', 'NMVSDIQEATK', 'GVIFYENK']",5.06,2.33,0.61,3709023.2,1703609.5853,447737.3799,5860370.1652
P23639,"['LLVSEVAK', 'LGQIDYALTAVK']",5.15,1.84,1.01,2327164.4,831371.4037,454282.1783,3612817.982
P40825,"['HNDLEDVGK', 'GIDGSALAK', 'FIDISPNAK', 'ETLGNDVDQK']",4.41,1.56,2.03,1751215.3,621196.8355,807536.2068,3179948.3422999997
P14843,['DTFLILRGGK'],4.58,0.48,2.93,76970.1,8086.7313,49254.0509,134310.8822
P54839,"['IVGDVQHIIK', 'TRPQNVGIK', 'FDGVSQGK']",4.87,2.48,0.65,1954132.1,992451.8972,260848.5149,3207432.5121
P39079,['GIDPMSLDVFAK'],5.26,0.35,2.39,57812.2,3867.5434,26328.2738,88008.0172
P39107,['LHSTSEAAVNK'],5.28,1.81,0.91,124675.5,42736.5906,21551.5135,188963.6041
Q12402,['DEIRASVNEASK'],4.99,1.96,1.06,1940484.7,762263.3044,410885.1726,3113633.177
P00958,"['DINEILSNYVK', 'ALEEGVTPRQLCDK']",4.85,2.82,0.33,75670.1,43899.3117,5164.507,124733.9187
P15703,['AALQTYLPK'],4.39,3.03,0.57,1245149.9,859937.441,162345.6022,2267432.9432
P33322,['TGHSGTLDPK'],4.81,2.2,0.99,65069.4,29818.5376,13340.5161,108228.45370000001
P31383,['FLNDPSIILNK'],4.51,2.01,1.48,100470.3,44785.9354,32844.2139,178100.4493
Q12306,['VSDGSSEIFFK'],5.07,2.03,0.89,1320962.8,529651.1851,232927.344,2083541.3291000002
P32558,['ALADVVQQDK'],4.14,2.09,1.77,234248.9,118055.595,100257.8035,452562.2985
Q12305,['ELIFYCASGK'],4.39,2.8,0.82,349934.8,223040.3335,65373.9389,638349.0724
P53852,['ELLADFVESESK'],4.95,2.62,0.43,221594.6,117161.3094,19072.8908,357828.8002
P53691,"['HVVFGEVIQGK', 'LCEGNAGMAK']",4.52,2.24,1.24,1123492.3,557173.0118,308478.7053,1989144.0171
P09436,"['DVPDFEGVYVK', 'AVADWPVLGK', 'GSDLVGLK']",4.6,1.84,1.56,2315589.5,923757.0045,785172.4734,4024518.9779
P47075,"['IRNAENPISK', 'TELEDNLSK', 'YTVDQVFAK', 'ENYDELVVK']",5.26,1.5,1.23,1425175.9,407026.236,333982.937,2166185.073
P32481,"['FAVPGGLIGVGTK', 'DELERNITIK']",5.18,1.85,0.97,339558.7,121617.1416,63407.4387,524583.2803
Q12118,['VLDIEGDNATEAMK'],2.71,3.93,1.36,572998.5,831867.8108,288922.6337,1693788.9445000002
P00729,['YDEEFASQK'],5.01,1.95,1.03,804136.5,313628.3863,165683.9326,1283448.8188999998
P0CX35:P0CX36,"['AILMQRHVK', 'GRFAVHRITDEEASYK']",4.86,2.2,0.95,70558.1,31912.2455,13753.0929,116223.43840000001
P31412,"['TNLAAAERK', 'VDNQIGASIGK']",6.56,0.98,0.46,333717.2,49741.0898,23294.0951,406752.3849
P02829,['EILGDQVEK'],4.89,2.12,0.99,5525968.0,2400468.3504,1117774.8645,9044211.2149
P52917:P33299,['GILLYGPPGTGK'],10.23,-6.13,3.9,912169.1,-546269.3368,347332.9815,713232.7446999999
P32582,"['YADVFGNATVK', 'LELYNPGGSIK', 'TDITDYK']",5.17,2.17,0.66,2490527.8,1046137.487,318087.6679,3854752.9548999993
P38764,"['FILALNDEGEPIK', 'LIVDNDNWVYK', 'QLAYILAAQK']",4.41,2.29,1.3,451382.1,234679.32,133504.1657,819565.5856999999
P14306,['GSNTLIEYMGPAPPK'],1.39,2.24,4.37,396619.8,638532.8775,1248952.8677,2284105.5452
P27810,['SVEDRFNSK'],5.78,1.66,0.56,516894.9,148032.3861,50519.1944,715446.4805000001
P07280:P07281,"['LEVPGYVDIVK', 'VLQALEK']",5.26,2.13,0.61,21538812.2,8746836.4872,2499970.6745,32785619.3617
P38707,['FGDDIAEAAERK'],7.67,-0.24,0.57,158134.9,-4902.9984,11808.8579,165040.7595
P41920,['TMEEDEEVLYK'],4.93,2.96,0.12,612463.1,367523.8776,14292.9254,994279.9029999999
P39986,['ALQVTPPEHK'],4.33,2.4,1.27,35373.0,19552.1239,10356.6366,65281.7605
P39676,['VGAQPNALATTVLAAAK'],2.75,4.76,0.49,9805.1,16973.4829,1761.9321,28540.515
P36060,"['DFIQEHVPGPK', 'WIDLPISK']",4.39,2.08,1.53,476279.0,226295.6387,165912.3058,868486.9445
P25294,"['VDYPISLNDAQK', 'TLQFVIQEK', 'NPSQRGNLIVK']",4.51,1.71,1.78,1057140.9,400284.3844,417273.925,1874699.2093999998
P32775,['SYGLHANPETK'],4.47,2.33,1.2,106325.2,55535.0014,28484.9259,190345.1273
Q12460,"['LVPDNYTFAK', 'AILDLNLPK']",5.0,1.89,1.11,345956.2,130554.5372,76745.1915,553255.9287
P10964,['RLEEDNDEEQSHK'],0.62,2.7,4.67,123169.5,533731.6352,921853.9469,1578755.0821
P25443,"['LLQLAGVEDVYTQSNGK', 'ITTIEEIFLHSLPVK', 'TRTLENTLK', 'GWVPVTK']",4.98,2.09,0.93,37302698.4,15676608.529,6997034.0516,59976340.9806
P49167,['LIQSLPPTLK'],4.9,2.15,0.96,860652.0,377613.6036,167947.4913,1406213.0949
P15625,['VDTVTYDLTK'],5.78,1.86,0.36,537710.4,172814.3672,33649.8323,744174.5995
P32521,"['TAEERAAYLK', 'IFETFDTQNK']",4.39,1.75,1.86,216987.1,86433.4059,91637.1556,395057.6615
P53981,"['VFEGVLDDTK', 'ECDLLFAK']",5.11,1.89,1.0,3231272.3,1196880.5763,630850.3901,5059003.2664
P80210,"['LVDLLVGK', 'YEDLPENAK', 'VLPGWDQDITK']",5.65,1.92,0.43,7163674.2,2432879.6629,543363.9255,10139917.7884
P49723,['EIANLPEVK'],5.13,1.86,1.02,2642977.0,957049.0677,523235.5447,4123261.6124
Q05506,"['YDVYSGESQVSK', 'RMEDGDEEALK']",4.15,2.0,1.85,413382.6,199319.0221,183780.3641,796481.9862
P31116,"['GSDNVISIK', 'AALAASTTK', 'SVSVGIEK']",4.45,1.95,1.6,2148113.7,940579.2403,771745.2896,3860438.2298999997
P40582,['FAAPEDYPAISK'],4.87,2.69,0.44,234122.2,129603.0027,21129.7143,384854.917
Q02046,['SILPCTPLAIVK'],6.26,2.25,-0.5,66831.5,24002.9875,-5367.8751,85466.6124
P25567,['DGFAPLSLISK'],5.11,2.76,0.12,78626.2,42448.5821,1904.5549,122979.337
P32381,['ILLTEPPMNPLK'],5.34,1.52,1.14,94747.2,26961.4624,20160.5213,141869.1837
P16120,['IYESSVNPK'],4.69,2.33,0.98,712849.2,354375.6856,149064.6405,1216289.5261
P38972,"['ATNIAHVCGLQDK', 'LIVEDPLLK']",4.64,2.03,1.32,1357162.6,594846.4266,386919.8583,2338928.8849
P32449,"['HGVAAITTTK', 'DFRNQPK']",4.95,2.31,0.74,1233646.9,577230.0316,184069.5896,1994946.5211999998
P32565,"['DVNAPLPTPFK', 'LNPQVADINK']",4.65,2.11,1.24,422376.3,191657.7145,112300.437,726334.4515000001
P46784:Q08745,['ALQSLTSK'],5.02,1.95,1.03,7581154.0,2940789.6174,1552350.8207,12074294.438099999
P48589,['QLGEWAGLGK'],4.98,1.88,1.14,2645222.8,1001943.0142,606009.0918,4253174.9059999995
P38625,"['LHGLPTGYK', 'VIDDSNSLFK', 'REYGPATLK']",4.87,1.9,1.22,1971320.3,769108.8005,495006.4809,3235435.5814
P09938,"['AAADALSDLEIK', 'ELETLREENRVK']",5.35,2.08,0.57,2071680.0,806294.4414,220718.872,3098693.3134
P22515,"['QLLFNFPK', 'GGIFTEVK', 'NFPRNEK']",5.19,1.89,0.92,1793609.5,652458.7506,317871.3442,2763939.5948
P39976,"['VRDFDPVSGTFK', 'GSISAEHGIGFHK', 'DNTGYDLK', 'LISEGMMAK']",4.98,1.54,1.48,883623.5,272477.2195,261960.278,1418060.9975
P22147,"['DDIDVEWFNK', 'HEYYHDK', 'DAMNLLDGIK']",2.81,0.59,4.6,168839.6,35207.9647,276745.0123,480792.577
P36018,"['LVLLGDSSVGK', 'VRAISTEEAK']",4.59,2.6,0.81,508759.6,287869.22,90003.5165,886632.3365
P40106,['FAPDFANEEYVNK'],4.85,2.88,0.27,218858.1,129877.5147,12006.2389,360741.85360000003
P15731,"['DQWSPALTLSK', 'YEATAREWTK']",5.95,1.5,0.55,436564.6,109990.315,40087.3051,586642.2201
P04449,['VEIDSFSGAK'],5.23,-0.69,3.46,2209538.3,-293367.3721,1463497.0082,3379667.9360999996
P05453,['DLGTIVEGK'],4.94,2.31,0.75,963610.7,450524.674,146319.2142,1560454.5881999999
P36421,['NLQEVLNPQIIK'],5.2,2.35,0.45,76006.9,34319.9972,6525.132,116852.02919999999
P40513,['FSLVETPGK'],4.94,2.27,0.79,401728.9,184110.7748,64297.7666,650137.4414
P43535,['SQEAQSRIK'],7.82,0.25,-0.07,14529.0,471.9004,-132.4998,14868.4006
P53301,['VIVTDYSTGK'],6.14,0.67,1.19,391163.6,42445.4118,75991.9968,509601.00859999994
P20459,"['FQIPLEELYK', 'GIEQLESAIEK']",2.08,0.73,5.18,275357.5,97059.7261,685685.9241,1058103.1502
P36008,"['QAPAFLGPK', 'GLIPYNK']",4.52,2.37,1.11,5690530.8,2980738.8049,1398773.063,10070042.6679
P12385,"['GLILAGSADFK', 'DAEDNEVIK']",5.29,1.64,1.07,541854.9,167946.005,109882.3831,819683.2881
P33331,['LVSLPFQK'],5.0,1.92,1.08,3153914.8,1211487.6909,678041.9944,5043444.4853
P35732,"['TESPLENVAELK', 'QIEQPSLSSK']",4.86,1.85,1.29,739846.9,281832.3444,196013.3112,1217692.5556
P32353,['VLPASLAANIPVK'],7.52,-4.23,4.71,163531.9,-91943.5289,102336.1259,173924.49699999997
P04801,"['NATVSVEEVLK', 'MELSTRPEK', 'VASMPRVPLK', 'TYLVQTK', 'FERLVMSK']",3.52,2.63,1.85,865908.3,646111.6974,453469.1278,1965489.1252000001
P48015,"['DVLEPLLSK', 'LSGPHSVK', 'FYPIELAK']",4.85,1.78,1.37,776144.5,284162.5449,219181.9129,1279488.9578
Q04869,['VIAAFNRHK'],7.0,1.25,-0.26,41914.0,7504.4884,-1531.2425,47887.2459
P01123,['LLLIGNSGVGK'],4.62,2.41,0.97,1179792.2,615199.5179,246830.3707,2041822.0886000001
P38115,['REDLFITTK'],6.64,-0.23,1.6,496947.1,-17462.2827,119586.6735,599071.4908
P40495,['ATGTRVADATK'],5.35,1.59,1.06,180331.9,53657.7527,35874.472,269864.1247
P38075,['NREELDELTQK'],5.16,0.23,2.61,140451.7,6154.3585,71053.3079,217659.3664
P38845,['RESTEGVLDGSK'],3.51,1.96,2.53,250524.7,139592.8731,180341.9583,570459.5314
Q04491,"['FVTGGADNLVK', 'IFEVEGETHK']",4.7,2.36,0.94,718297.3,361412.2717,143533.5306,1223243.1023
P38624,['EETVDFIK'],4.66,2.46,0.88,669174.7,353327.8114,127043.4527,1149545.9641
P34216,['TVEEQHAQLQAK'],4.73,2.36,0.91,128293.9,64042.8716,24602.7276,216939.49919999996
P09733,['DLFHPEQLISGK'],4.66,2.79,0.55,168467.0,100829.631,19820.5069,289117.1379
P16387,"['RGQYIPGLK', 'ATLLQMYK']",4.89,1.19,1.93,1215564.7,295120.9037,479864.4771,1990550.0807999999
P09624,"['NVVEIVVEDTK', 'IVSSTGALSLK']",5.35,1.54,1.1,854446.7,246534.5083,175919.1528,1276900.3611
Q04182,"['GTRVPQTPK', 'SISSNSHGFK']",4.8,2.33,0.87,204206.9,99241.9207,37073.1627,340521.98339999997
P12695,"['LRQSLNATANDK', 'AQPAEPQAEK']",5.23,2.08,0.69,232801.5,92855.4401,30652.7809,356309.721
P13663,"['ILAPLAEDK', 'LLTPEEIK', 'YVDAVNWK']",4.95,1.91,1.14,6018507.5,2328141.8989,1388950.884,9735600.2829
Q03048,['MVYASSK'],5.18,1.72,1.1,1923222.0,638639.2142,407513.0741,2969374.2883
P21576,"['LAALESPPPVLK', 'FFENHPSYSSK']",5.38,0.91,1.71,325273.4,54929.2603,103731.0243,483933.68460000004
P40531,"['LQEISTSVSEK', 'VALNSSECLNK', 'TLNYALSK']",5.07,1.56,1.37,2506372.2,772479.6074,677911.6281,3956763.4355
P48570:Q12122,['SAVEVIEFVK'],5.27,0.81,1.92,594092.6,91493.4451,216458.7011,902044.7461999999
P40217,['EFIILGGGQEAK'],4.96,2.65,0.39,258864.8,138328.7963,20504.7306,417698.3269
P47068,['HNEVEEHVK'],4.91,1.16,1.94,35051.6,8267.2674,13845.8519,57164.719300000004
P39730,"['ERQTLILGK', 'RTTQENASEAIK']",4.99,2.62,0.39,357654.4,187768.0211,27889.5797,573312.0008
P33302,['GIHIPQTPK'],5.4,1.78,0.82,188508.1,62261.8232,28589.699,279359.62220000004
P40347,['ANLENRFNK'],6.67,0.71,0.62,122547.2,13113.0187,11370.6385,147030.8572
P19358,['SDDEIIEIIK'],4.7,0.97,2.33,190302.9,39344.1221,94589.0688,324236.0909
Q05775,"['REYQDLRK', 'ALTAAITPMNK', 'EQEEQALK']",3.45,2.2,2.35,698996.2,446483.3949,476203.0492,1621682.6441
P38715,"['TTPTLFENDVIK', 'AISEGLVSRK', 'DIFVVSK']",4.75,2.13,1.12,1339145.9,601014.664,316747.8759,2256908.4398999996
P50085,['SAELIGEAIK'],5.45,1.31,1.23,210080.0,50517.46,47551.3279,308148.7879
P13298:P30402,['GIPLAAIVCVK'],7.11,-3.01,3.9,104642.3,-44283.3128,57380.5023,117739.4895
P23638,['VDDAIELALK'],4.96,1.7,1.34,246491.4,84452.7647,66387.3296,397331.49429999996
P40413,"['TSLGPRGLDK', 'ELFVVDPFIGK']",4.52,2.34,1.14,170462.3,88218.387,42783.9641,301464.65109999996
P21243,['AEAAEFRYK'],3.8,1.24,2.95,334280.8,109160.1599,259513.406,702954.3659
P17555,"['SDGGNIYLSK', 'FLASFDNLK']",5.52,1.94,0.54,1709436.6,600083.4642,166239.9268,2475759.991
Q04697,['ILEEYDGDIGK'],4.99,1.79,1.22,756641.6,271546.3078,185627.0419,1213814.9497
P15646,"['DQGGVVISIK', 'RISVEEPSK']",5.11,1.75,1.14,1148933.5,393114.4776,255517.6212,1797565.5987999998
P39004:P39003,['LAGNASWGELFSSK'],4.1,2.17,1.73,222745.2,118100.9512,94307.9037,435154.0549
P00447,['MIAIQQNIK'],1.14,5.09,1.77,973630.6,4351098.2873,1509252.9477,6833981.834999999
Q04409,['GLNNTSVGEEK'],5.2,2.06,0.74,460203.1,182643.6169,65346.8752,708193.5921
P38071,['IDTISDFIK'],6.5,3.25,-1.75,172033.7,86118.633,-46323.1895,211829.1435
P53860,['LVFDEPFVK'],4.99,2.36,0.66,307917.5,145446.7888,40577.8523,493942.1411
Q08193,['LTDFENLK'],4.95,1.95,1.1,1039084.5,409280.8463,231205.2398,1679570.5861
P00899,['ESFLLESAK'],5.19,2.25,0.56,374701.0,162710.2329,40167.0697,577578.3025999999
P41805,['IRIYDLGK'],5.34,1.66,1.0,4838429.0,1502280.6604,902063.88,7242773.540399999
P27472,['NNSFTVEALK'],5.54,1.03,1.43,842527.9,156871.3994,218304.4253,1217703.7247000001
P38694,['DAFIVLDSAK'],5.47,1.36,1.17,1554906.9,386743.3068,331361.7472,2273011.954
P37292,"['SGTPISFISK', 'YIDSAVK']",4.05,1.32,2.63,3186929.0,1037852.9492,2066411.3936,6291193.3428
P07278,['SEQQLQRLEK'],4.74,0.49,2.77,154175.6,15896.278,90266.7257,260338.60369999998
P47008,['TVIGIFQK'],4.03,0.7,3.27,357462.7,62019.4313,290038.184,709520.3153
P53598,"['AEIEAAQFLK', 'VIFQGFTGK']",4.9,2.33,0.76,1122283.8,534196.8096,174732.1519,1831212.7615
Q03640,"['LISGHGLK', 'YLLLNTLEQK']",5.75,1.26,0.99,361782.9,79166.2305,62041.7044,502990.8349
P26637,"['VREHIEPK', 'NTNIPLPALQK', 'IEALEFADDAAK', 'LFSEQTLDDNK']",4.96,1.96,1.08,1967115.9,776801.8538,427193.6762,3171111.43
P54113,['FEEVPEPFTK'],4.75,1.52,1.73,417170.2,133014.7455,152011.2447,702196.1902000001
P16547,"['AIAIGEFDTAK', 'DALLGVSQK']",2.61,1.06,4.33,1106953.8,451374.0024,1841042.6504,3399370.4528
Q99190,"['GLRDTEIDLSK', 'ISANNHNISK']",4.9,2.99,0.11,449371.2,273639.1875,10271.58,733281.9674999999
Q04062,"['AQFQELDSK', 'DFDESLK']",3.63,3.06,1.31,945525.8,798209.8923,340314.2886,2084049.9809
P40414,"['LESQLSDTK', 'NEQLDSEVEK']",5.08,1.12,1.8,1012206.9,222818.9602,357711.3004,1592737.1606
P40040,['LAEELGLVSRK'],4.79,2.17,1.04,1865091.2,845923.1981,403728.8829,3114743.281
Q12499,['STLIVSETK'],2.04,1.12,4.84,807962.7,442950.4679,1917364.6723,3168277.8402
P06782,"['LAYHTTTGQK', 'FLSPGAAGLIK']",5.06,2.18,0.75,142846.0,61543.6715,21281.5468,225671.2183
Q12074,"['YQDVLIFK', 'EAELYRYYNK']",4.75,1.35,1.9,877432.7,248777.7982,351564.2754,1477774.7736
P00931,['DVQSVAEVLPK'],3.03,0.71,4.26,66415.4,15621.7558,93337.6177,175374.7735
P32614,"['ASSIGGNSIK', 'VVDIHEK']",6.0,1.59,0.41,679595.8,180613.3978,46562.6856,906771.8834
P15180,['EITGSYIIK'],5.54,2.1,0.36,390865.1,148340.1192,25098.8571,564304.0763
P54885,"['ANAHAIEEANK', 'SGNAAILK']",5.38,0.98,1.63,1622131.4,296230.1011,492054.7636,2410416.2647
P15891,['IDPSSDIANLK'],4.97,1.75,1.28,647565.0,227752.903,167240.398,1042558.301
Q12159,['SLADRIK'],7.5,-0.84,1.34,646296.7,-72371.5963,115294.5277,689219.6314
P32861,['EHIDEFK'],4.98,1.97,1.05,2241269.8,886209.5461,472881.2932,3600360.6393
P25719,['FADENFVK'],5.32,1.82,0.86,777396.4,265773.1438,125193.4497,1168362.9935
P15992,['DIDIEYHQNK'],5.53,1.2,1.27,151483.6,32913.9842,34771.7405,219169.3247
P36015,['ILDEYLVAHPK'],3.39,2.95,1.66,792880.6,690459.8738,388928.8771,1872269.3508999997
