protein(groups)_accession,related_peptides,nor_pep_ra_+0,nor_pep_ra_+1,nor_pep_ra_+2,inten_+0,inten_+1,inten_+2,total_inten_all_cha,(+2)-Ac-AG,(+1)-Ac-AG-(+1),Ac-AG-(+2)
P00560,"['SSAAGNTVIIGGGDTATVAK', 'ISHVSTGGGASLELLEGK', 'VLENTEIGDSIFDK', 'ELPGVAFLSEK', 'TIVWNGPPGVFEFEK', 'IQLIDNLLDK', 'YSLAPVAK', 'ELQSLLGK', 'AGAEIVPK', 'LFAATVAK', 'ALLDEVVK']",0.95,1.04,1.01,4921764,5387719.2,5197884.9,15507368.1,-0.074000581,0.056583528,0.014355293
P38013,"['FQYIAISQSDADSESCK', 'FASDPGCAFTK', 'MPQTVEWSK']",0.94,1.03,1.03,613604.6,674503.5,668910.9,1957019,-0.089267338,0.042644337,0.042644337
Q04947,"['TAPVSSTAGPQTASTSK', 'HEIDATVAQGVEISK', 'LAADVPLEPESK', 'TVFAQVPK', 'LFLGQGLITK', 'LGPISNLVK']",0.92,0.97,1.11,188070.3,197435.9,225583.1,611089.3,-0.120294234,-0.043943348,0.150559677
P02406,"['ETAPVIDTLAAGYGK', 'LWTLIPEDK', 'GRIPNVPVIVK', 'YHPGYFGK', 'QQAHFWK']",0.99,1.02,0.99,1059279.7,1082154.5,1054579.9,3196014.1,-0.01449957,0.028569152,-0.01449957
P02994,"['SHINVVVIGHVDSGK', 'STTTGHLIYK', 'IGGIGTVPVGRVETGVIK', 'SGDAALVK', 'YAWVLDK', 'ETSNFIK']",0.96,1.06,0.98,5362639.9,5919554.3,5469911.8,16752106,-0.058893689,0.084064265,-0.029146346
P46990:P05740,"['FVQGLLQNAAANAEAK', 'LYVSHIQVNQAPK', 'YESSPSHIELVVTEK', 'ARYGATSTNPAK']",0.95,1.04,1.01,119703.7,130878.8,127572.2,378154.7,-0.074000581,0.056583528,0.014355293
P38011,"['ADDDSVTIISAGNDK', 'ASMIISGSRDK', 'FGVPVRSFK', 'SDVMSVDIDK', 'DGEIMLWNLAAK']",1,1.06,0.94,385777,409370.6,364760.7,1159908.3,0,0.084064265,-0.089267338
P06105,"['GSNLQQIREK', 'IFESILNSPSSK', 'GLEESHPNVK', 'ITITGAPENVEK', 'SVDIPNADSENK', 'DLPSLGSNAAFANVK', 'NHDVSVESTLSK', 'DITVQGPQK', 'ELIVPVK', 'LVVEDEK']",1.01,0.97,1.02,440042.2,423720.8,445119.8,1308882.8,0.014355293,-0.043943348,0.028569152
P12709,"['AEGATGGLVPHK', 'TFTTAETITNANTAK', 'VVDPETTLFLIASK', 'EFSEQVRSGEWK', 'EANVTGLRDAMFK', 'HFAALSTNETEVAK', 'LATELPAWSK', 'VFSGNRPTTSILAQK', 'TGNDPSHIAK', 'TFTNYDGSK']",1.02,1,0.98,452823.6,442265.3,437392.4,1332481.3,0.028569152,0,-0.029146346
P23180,"['LTAPQDIQISEDGK', 'GCYFDSDTFK', 'LFQTLVNLQK', 'LVTTGELYHNEK']",0.99,0.94,1.07,117207.6,111122.7,126194.3,354524.6,-0.01449957,-0.089267338,0.097610797
P14126,"['AHLAEIQLNGGSISEK', 'GDDEANGATSFDRTK', 'GCIPGNRK', 'GRFQTPAEK', 'ALEEVSLK', 'NDFIMVK']",0.98,1.01,1.01,727977.1,753923.3,757178.6,2239079,-0.029146346,0.014355293,0.014355293
Q3E757:P0C0W9,"['VLEQLSGQTPVQSK', 'AEEILERGLK', 'AQNPMRDLK', 'EDTVSWFK']",0.93,1.08,0.99,267022.9,310119.7,286355.3,863497.9,-0.104697379,0.111031312,-0.01449957
P39003:P39004,"['AYGEGEEHEPVVEIPK', 'LAGNASWGELFSSK']",1.36,0.9,0.74,48426.6,31942.1,26377.8,106746.5,0.443606651,-0.152003093,-0.434402824
P0CX76:Q03856:P0CX74:Q12441:P0CX66:Q6Q5H1:P0CX70:P0CX59:P0CX68:Q92392:P0CX60:Q12085:P0CX73:Q12217:Q12470:Q12485:P0CX71:P0CX75:P0CX65:Q04706:P47099:P0CX69:P0CX58:P0C2I8:P0CX57:P0CX67:O74302:P0CX72:P0C2I4:Q07793:Q99337:Q12141:P0C2I3:P47100:P0C2I5:Q03434:Q04711:Q03855:Q12088:P0C2I6:P47098:Q04670:P0C2J1:Q03619:Q12273:Q12316:Q92393:Q12269:P0C2I9:P0C2I2:Q99231:Q12414:Q03612:Q12193:P0C2J0:O13535,"['EVHTNQDPLDVSASK', 'STTEPIQLNNK', 'DILSVDYTDIMK']",0.96,0.94,1.1,132352.8,128818.5,151414.7,412586,-0.058893689,-0.089267338,0.137503524
P49626:P10664,"['LDQVWGSETVASSK', 'QVLLRLNPYAK', 'RQAYAVSEK', 'AVGAHSDLLK']",1.05,1.02,0.94,322894,314838.2,288989.7,926721.9,0.070389328,0.028569152,-0.089267338
P19882,"['GRNVLIEQPFGPPK', 'QIIENAGEEGSVIIGK', 'EDTVILNGSGPK', 'LIDEYGDDFAK', 'FGVEGRASLLK', 'VIEFLSANK', 'LGVDIIRK', 'LLQEVASK', 'LQERLAK', 'LLASAMEK', 'APGFGDNRK']",0.99,1.01,1,1278037.1,1307526,1290102.8,3875665.9,-0.01449957,0.014355293,0
P14540,"['SPIILQTSNGGAAYFAGK', 'GISNEGQNASIK', 'YTREQVGCK']",0.96,1.08,0.96,440732,495780.9,437663.9,1374176.8,-0.058893689,0.111031312,-0.058893689
P0CX24:P0CX23,['ASGEIVSINQINEAHPTK'],1.11,0.94,0.94,6408.6,5434.9,5422.1,17265.6,0.150559677,-0.089267338,-0.089267338
P10591,"['NQAAMNPSNTVFDAK', 'ELQDIANPIMSK']",1.05,0.97,0.97,197283.9,182696.6,182739.2,562719.7,0.070389328,-0.043943348,-0.043943348
P05737,"['AAGSYYVEAQHK', 'EYETAERNIIQAK', 'LSNPSGGWGVPRK', 'QANNFLWPFK', 'ILTPESQLK']",0.95,1,1.05,406743.9,424269.3,448094.6,1279107.8,-0.074000581,0,0.070389328
P02400,['GSLEEIIAEGQK'],0.88,1.04,1.08,116077.4,138504.1,143291.2,397872.7,-0.184424571,0.056583528,0.111031312
P00330,"['GVIFYESHGK', 'AMGYRVLGIDGGEGK', 'VVGLSTLPEIYEK', 'CCSDVFNQVVK', 'ANELLINVK', 'DIVGAVLK']",1.14,0.94,0.92,4273118.3,3516181.7,3440472.4,11229772.4,0.189033824,-0.089267338,-0.120294234
P32861,"['YEIISQQPENVSNLSK', 'EHIDEFK', 'TCSDLLLVK']",0.97,0.97,1.05,426571,428555.3,463543.3,1318669.6,-0.043943348,-0.043943348,0.070389328
P36060,"['DFIQEHVPGPK', 'VNLLYGNK']",1.06,0.98,0.96,180382.6,165960.7,162121.8,508465.1,0.084064265,-0.029146346,-0.058893689
P25694,"['AVATEVSANFISVK', 'VEGEDVEMTDEGAK', 'GVLFYGPPGTGK', 'AEQEPEVDPVPYITK', 'EHFAEAMK', 'FGLSPSK']",0.93,0.98,1.08,803575.7,843384.5,931832.7,2578792.9,-0.104697379,-0.029146346,0.111031312
P00549,"['AIIVLSTSGTTPRLVSK', 'IENQQGVNNFDEILK', 'SEELYPGRPLAIALDTK', 'GDTYVSIQGFK', 'SVIDNARK', 'EDLRFGVK', 'IMYVDYK']",0.93,0.95,1.12,740030.7,754684.6,893618.1,2388333.4,-0.104697379,-0.074000581,0.163498732
P37291,"['AVEFAQQVQQSLPK', 'VDEGSDVLNTWK', 'NAILYRPK', 'AFHVTPDK', 'GVDGARVEYICEK', 'EYQTQVLK', 'QAATPEFK', 'ALESEFK']",1,0.99,1,2180530,2151418.2,2179258,6511206.2,0,-0.01449957,0
P04456,"['VIEQPITSETAMK', 'ELYEVDVLK']",1.02,0.95,1.03,441928.9,412515.7,445481.6,1299926.2,0.028569152,-0.074000581,0.042644337
P15019,"['ASGTVVVADTGDFGSIAK', 'GEADPGVISVK', 'IASTWEGIQAAK', 'FQPQDSTTNPSLILAAAK', 'VANNSLEQLK', 'ISYISDESK', 'LFEQEGVSK']",1.01,0.96,1.02,448157.9,426498.9,452523.2,1327180,0.014355293,-0.058893689,0.028569152
P00817,"['EETLNPIIQDTK', 'AASDAIPPASPK', 'LNDIEDVEK', 'TYTTRQIGAK', 'ADAPIDK']",0.9,1.07,1.04,509647.6,605221.8,589801,1704670.4,-0.152003093,0.097610797,0.056583528
P05030,"['LSAIESLAGVEILCSDK', 'VTAVVESPEGERIVCVK', 'HYGDQTFSSSTVK', 'VLEFHPFDPVSK', 'MLTGDAVGIAK', 'GAPLFVLK']",0.95,1.04,1.01,1170190.2,1286348.1,1253701.7,3710240,-0.074000581,0.056583528,0.014355293
P47143,"['SMYQVQNDIGTGK', 'ENDAILVDAK', 'FSERLLNENEK']",1.01,0.96,1.03,144320.8,137611.6,146810.6,428743,0.014355293,-0.058893689,0.042644337
P10592,"['AEETIAWLDSNTTATK', 'NQAAMNPANTVFDAK']",1.04,0.97,0.99,127095.9,118616.8,120251.6,365964.3,0.056583528,-0.043943348,-0.01449957
P38009,"['HVSPAGAAVGIPLSDVEK', 'YIAAPSGSVMDK', 'VDYVVCNLYPFK']",0.93,1.02,1.05,423926.4,464696.7,474997.2,1363620.3,-0.104697379,0.028569152,0.070389328
P38061,"['TYAAEIAHNISAK', 'DLETLTMHTK', 'FLSPSGHK', 'TFLVANVK', 'ASLPHPK']",0.91,1.07,1.02,329420.3,390042.3,370650,1090112.6,-0.13606155,0.097610797,0.028569152
P16521,"['LVEDPQVIAPFLGK', 'DETVAPRFK', 'SAVIIDNMCK', 'NLTEEVWAVK', 'DILDEFRK', 'GNFTEFVK', 'AAATAAMTK', 'MVAEVDMK', 'VLEELFQK']",0.95,1.03,1.02,1147877.3,1248560.1,1238194,3634631.4,-0.074000581,0.042644337,0.028569152
P41277,"['YGEHSIEVPGAVK', 'FAPDFADEEYVNK', 'RPEYFITANDVK', 'LEGEIPEK', 'WAVATSGTRDMAK']",0.98,1.02,1.01,606049.8,630310.9,626105.5,1862466.2,-0.029146346,0.028569152,0.014355293
P32589,"['LEEEYAPFASDAEK', 'AYNRILTAAEK', 'IDIRENPK', 'VLGTACDK', 'TGAEVRFAGEK', 'NRYLGETGK']",0.96,1.05,0.99,895487.7,976050.5,927691,2799229.2,-0.058893689,0.070389328,-0.01449957
P00950,"['LVLVRHGQSEWNEK', 'VYPDVLYTSK', 'GQQEAARAGELLK', 'HLEGISDADIAK', 'NLFTGWVDVK']",1.01,0.99,1,1076496.3,1054642.7,1071576.3,3202715.3,0.014355293,-0.01449957,0
P22803,"['SASEYDSALASGDK', 'LDVDEVSDVAQK', 'AEVSSMPTLIFYK', 'FAEQYSDAAFYK', 'EVTRVVGANPAAIK']",0.98,1.03,1,332263.8,350238.3,339319,1021821.1,-0.029146346,0.042644337,0
P26785,"['VSSASAAASESDVAK', 'IFEGIPPPYDK', 'VRSAEYYAK']",1.06,0.94,1,225409.8,199924.5,211091.9,636426.2,0.084064265,-0.089267338,0
P25491,"['EASAAYEILSDPEK', 'ILEVHVEPGMK', 'HEISASLEELYK', 'DGQRIVFK']",1.01,0.97,1.03,219915.4,211168.7,223731.8,654815.9,0.014355293,-0.043943348,0.042644337
P22203,"['DLVSGGVVVSNASDK', 'MQAFIRK', 'AMLSQQITK']",0.97,1.02,1.01,108878.2,115023.6,113595.1,337496.9,-0.043943348,0.028569152,0.014355293
Q07451,['NDSVTAEAAAQSGASK'],0.9,1.15,0.95,23577,30273,24794.2,78644.2,-0.152003093,0.201633861,-0.074000581
P38788,"['EAVLTVPTNFSEEQK', 'LAAEDYIGSAVK']",0.99,1.01,1,203595.3,207958.3,204566.2,616119.8,-0.01449957,0.014355293,0
P26784,"['VFEGIPPPYDK', 'VASANATAAESDVAK', 'VSSAEYYAK']",0.9,1.01,1.08,188566,211735.4,226732.6,627034,-0.152003093,0.014355293,0.111031312
P04147,"['AVEALNDSELNGEK', 'EASAAYESFK', 'AIEQLNYTPIK', 'FGPIVSASLEK', 'GFGFVNYEK', 'ERDSQLEETK', 'AHYTNLYVK', 'YQGVNLFVK', 'QRQALGEQLYK', 'QYEAYRLEK', 'NQQIVAGK', 'GFGFVCFSTPEEATK', 'GSGNIFIK']",0.98,1.02,1,583988.8,604521.1,597435.8,1785945.7,-0.029146346,0.028569152,0
P34760,['TAVVDGVFDEVSLDK'],1,1.07,0.93,47871.1,51104,44721.5,143696.6,0,0.097610797,-0.104697379
P00924,"['TAGIQIVADDLTVTNPK', 'NVNDVIAPAFVK', 'GVLHAVK']",0.94,1.08,0.99,887668.1,1020992.4,938985.2,2847645.7,-0.089267338,0.111031312,-0.01449957
P25087,"['VYAIEATCHAPK', 'MDFEENTFDK', 'LGLAPEGSK', 'TGLSALMSK', 'YNLSDQMDFVK']",0.9,1.04,1.07,233911.1,270526.6,279008.7,783446.4,-0.152003093,0.056583528,0.097610797
P40150:P11484,"['NQAALNPRNTVFDAK', 'ENTLLGEFDLK', 'TFSPQEISAMVLTK', 'STLEPVEQVLK', 'MVNQAEEFK', 'AADEAFAK', 'LLSDFFDGK']",0.96,1.03,1.01,1257223.3,1345726.3,1329027.8,3931977.4,-0.058893689,0.042644337,0.014355293
P19097,"['AVSIETALEHK', 'EIYYTPDPSELAAK', 'QVTDYYQSIYAK', 'DSYINANTIETAK', 'AAEEAGVTDVK', 'SLDSIPMSK', 'DIEIVRVNK', 'QVLDVDPVYK', 'GATLYIPK', 'AFLDSMAQK', 'SGSLTFNSK', 'YVLITGAGK', 'GRPYTGWVDSK', 'GSTLIVVPFNQGSK', 'GENYQLVK', 'YASPNLNMK', 'ETAEQFK', 'QDISSSTRVEFEK', 'AISAQADK']",0.93,1.01,1.06,480931.6,521741.4,549413.9,1552086.9,-0.104697379,0.014355293,0.084064265
P37012,"['SGVVNSAFPADESLK', 'TIQNEFWAK', 'FIDNQRSTK', 'FFCALFDAK', 'DFPELDLGTIGK', 'HHPENEASIK', 'IVDQLRAYVTK']",0.95,1.05,1,286940,315985.6,303671.2,906596.8,-0.074000581,0.070389328,0
P05744,['IEGVATPQDAQFYLGK'],1.25,1.07,0.68,28574.8,24438,15666.8,68679.6,0.321928095,0.097610797,-0.556393349
P11076:P19146,['QDLPEAMSAAEITEK'],1,0.91,1.08,86508,79012,93601.6,259121.6,0,-0.13606155,0.111031312
P22137,"['DAIETAAISQDPK', 'ALQDAVDSYDK', 'IYIDSNNSPEK', 'SDNLPLIK', 'LVNDACIEK', 'FSDLIGPSTLIK', 'ITEELAK']",0.97,1.08,0.95,618679.9,684184.9,605438.3,1908303.1,-0.043943348,0.111031312,-0.074000581
Q01560,['SFANQPLEVVYSK'],0.98,1.07,0.95,32935.9,36265.7,32045.5,101247.1,-0.029146346,0.097610797,-0.074000581
P60010,"['EITALAPSSMK', 'DSYVGDEAQSK', 'CDVDVRK']",0.87,1,1.13,262465.8,299795.5,341511,903772.3,-0.200912694,0,0.176322773
P29453,"['LVSTIDANFADK', 'NFGIGQAVQPK', 'HWGGGILGNK', 'YRPETAAEK', 'VAPAPFGAK', 'NPLTHSTPK', 'EAAAIAEGK', 'MGVPYAIIK']",0.98,1,1.02,1370167.7,1404634.6,1419054.6,4193856.9,-0.029146346,0,0.028569152
P09232,['GSTANMSLGGGK'],1.02,1,0.98,80537.1,78368.2,76934.3,235839.6,0.028569152,0,-0.029146346
P06169,"['IRNATFPGVQMK', 'NIVEFHSDHMK', 'LLTTIADAAK', 'YLFERLK', 'DYETHRVATTGEWDK', 'LTAATNAK']",0.99,1.05,0.96,5234233.6,5541607.3,5084057.5,15859898.4,-0.01449957,0.070389328,-0.058893689
P07806,"['TGVFEPEFTADGK', 'GHVDIDAEIAK', 'YLIQEGSAIEK', 'LDDLHAK', 'ILVSLDDPALK', 'ITPAHDQNDYNTGK', 'DSIVSLIK']",0.99,0.97,1.03,185060.9,181293.3,192848.4,559202.6,-0.01449957,-0.043943348,0.042644337
P07244,"['TLGEGILEPTK', 'DIAYRAFQNSESSK', 'LAQSPTVGK', 'GVIIPSSIDESVQAIK', 'AAQLEASK']",1,0.93,1.07,262218.4,244840.2,279916.5,786975.1,0,-0.104697379,0.097610797
P05319,"['SVDELITEGNEK', 'VSSVLSALEGK']",0.9,1.09,1.01,1050238.8,1278734.1,1186299.2,3515272.1,-0.152003093,0.124328135,0.014355293
P00815,"['GNSALLEYTEK', 'EIVFASPPRK', 'LTGPIHLDVVK', 'ALSRPIQK']",0.97,0.92,1.1,171713.3,162890.9,194121.8,528726,-0.043943348,-0.120294234,0.137503524
P31539,"['SNPCLIGEPGIGK', 'ALERDEDADSTTK', 'HGHEELTQAK', 'EAQVDIEAIK', 'LNLTQEAK', 'EIEERFEQNDK']",0.99,1.06,0.95,247387.4,265150.1,239084.9,751622.4,-0.01449957,0.084064265,-0.074000581
P38707,"['FGDDIAEAAERK', 'TRIYDSYSK', 'QLNPNFK']",0.95,1,1.04,185751.5,195548.4,202833.6,584133.5,-0.074000581,0,0.056583528
P33442,"['EVQGSTLAQLTSK', 'LRVDEVQGK', 'VISEILTK', 'LIPEVINK']",0.96,1.04,1,623017.5,675460.1,651035.2,1949512.8,-0.058893689,0.056583528,0
P08417,['AIQQAADEVASGK'],1.04,0.9,1.06,44566.8,38421.4,45117,128105.2,0.056583528,-0.152003093,0.084064265
Q07478,"['GSYVGIHSTGFK', 'GLAISFVSSK', 'TAVFYGGTPISK', 'YIDLSHVK', 'EDEEVLAK', 'STTRANELTK']",1.02,0.97,1,306129.4,290683.4,300570.4,897383.2,0.028569152,-0.043943348,0
P38972,"['ATNIAHVCGLQDK', 'LPIAVAHGEGK', 'SPTVYDNAILK', 'ILNENGVAK']",1.02,0.95,1.03,147282.2,137153.7,147970.7,432406.6,0.028569152,-0.074000581,0.042644337
P05739,"['HLEDNTLLVTGPFK', 'WYPSEDVAAPK', 'EANLFPEQQTK']",0.99,0.98,1.03,94834.7,94222.9,99122.7,288180.3,-0.01449957,-0.029146346,0.042644337
P32599,"['YLTPSSLVAGNPK', 'FRAIDLDDK']",1.01,0.92,1.06,127305.3,115904.9,133569.4,376779.6,0.014355293,-0.120294234,0.084064265
P37302,"['LVEIPNLGCEEK', 'HTVATVGVPYK', 'EGLHGTLGEPTK', 'NLYVDYYK']",0.98,0.97,1.05,256990.1,255677.3,277927.9,790595.3,-0.029146346,-0.043943348,0.070389328
P22217,"['TASEFDSAIAQDK', 'LDVDELGDVAQK', 'FSEQYPQADFYK', 'VVGANPAAIK', 'NEVSAMPTLLLFK']",0.97,1.04,0.99,345883.9,369766.3,354886.4,1070536.6,-0.043943348,0.056583528,-0.01449957
P06367:P39516,"['EVGITAVHVK', 'ETIARVTGGMK']",0.75,0.86,1.39,254724.9,291872.5,469973.2,1016570.6,-0.415037499,-0.217591435,0.475084883
P06168,"['AAIEDGWVPGK', 'DLDVILVAPK', 'NLFTVEDAIK']",1.18,0.89,0.93,257130.3,193938.1,203364.8,654433.2,0.23878686,-0.168122759,-0.104697379
P39954,"['VAVVAGYGDVGK', 'VQSEYLGIPEEGPFK', 'VPAINVNDSVTK', 'AYGDVQPLK', 'RATDVMLAGK', 'ILDEAVAK']",1.02,1,0.98,1026696.5,1010600.3,992356.4,3029653.2,0.028569152,0,-0.029146346
P32324,"['DSVVAAFQWATK', 'AGEIVLAARK', 'VDRALLELQVSK', 'AVQYLHEIK', 'TGTLTTSETAHNMK', 'DEIPVLLEK', 'DEQERGITIK', 'NANDLPK', 'MVPTSDK']",1,1.01,0.99,1511076.8,1514551,1494507.9,4520135.7,0,0.014355293,-0.01449957
P04840,"['NELITSLTPGVAK', 'DGPLSTNVEAK', 'LEFANLTPGLK', 'LSEPVHK']",0.86,1.15,0.99,225336.1,304001.2,260300.8,789638.1,-0.217591435,0.201633861,-0.01449957
P15108,"['IRYQALSDPK', 'FYSAFAK']",0.96,1.01,1.02,607067.1,638915.8,642973.5,1888956.4,-0.058893689,0.014355293,0.028569152
P04806,"['YDVAVDEQSPRPGQQAFEK', 'TGHIAADGSVYNK', 'LSGNHTFDTTQSK', 'DFMVEQELLNTK', 'HFIDELNK']",1,1,0.99,1368581.3,1368834.7,1349274.1,4086690.1,0,0,-0.01449957
P05694,"['AYTYFGEQSNLPK', 'AVDVTALEMVK', 'GTISAEEYEK', 'FWVNPDCGLK', 'FIHDAAVK', 'ARVASIDEK', 'FINSEIEK']",0.99,1.03,0.98,354153.1,369317.8,351340.4,1074811.3,-0.01449957,0.042644337,-0.029146346
P38248,['VGQSLSIVSNDELSK'],0.97,0.98,1.05,61393.4,61605,66124.7,189123.1,-0.043943348,-0.029146346,0.070389328
P0C2H6:P0C2H7,"['SVVSTETFEQPSQREEAK', 'AFEERHQAGK']",1.07,1.03,0.9,25581.3,24566,21657.2,71804.5,0.097610797,0.042644337,-0.152003093
P01120,['LVVVGGGGVGK'],0.94,1.04,1.02,125185.3,139823.9,136562,401571.2,-0.089267338,0.056583528,0.028569152
O14467,"['LRGNNIGSPLGAPK', 'LERALGVK']",1.05,1.02,0.94,303089.1,294602.3,272094.4,869785.8,0.070389328,0.028569152,-0.089267338
P32074,['DDVIAQNLIESK'],1.46,0.52,1.02,16148.8,5771.9,11337.5,33258.2,0.545968369,-0.943416472,0.028569152
P41056,['IEGVATPQEAQFYLGK'],1.14,1.28,0.58,18325.5,20610.6,9358.3,48294.4,0.189033824,0.35614381,-0.785875195
P38264,"['SIEEAERAGNAGVK', 'YVEPGNAMSGEGEK', 'APSLFGGMGQTGPK', 'SALEHNEVK']",1.05,0.95,1,218917.6,199472.5,209873.2,628263.3,0.070389328,-0.074000581,0
Q08245,"['AETAAQDVQQK', 'NEATPEAEQVK', 'QASAAVSEK']",1.01,0.99,1,403971.1,399715,401964,1205650.1,0.014355293,-0.01449957,0
P0CX56:P0CX55,"['DYHTLANNVESK', 'ADVDLHK', 'IVYALTTIK']",0.98,0.87,1.15,235297.5,207937.9,273621.5,716856.9,-0.029146346,-0.200912694,0.201633861
P29547,"['SVDSAMDAVDK', 'HPLELLGK']",0.99,1.03,0.98,279217.7,288767,276549.2,844533.9,-0.01449957,0.042644337,-0.029146346
P14832,"['HVVFGEVVDGYDIVK', 'VESLGSPSGATK', 'LYNDIVPK', 'ARIVVAK']",0.92,1.05,1.02,650570.5,740114.4,720567.4,2111252.3,-0.120294234,0.070389328,0.028569152
P25373,"['DLIAENEIFVASK', 'VLVLQLNDMK']",1.12,0.91,0.97,75876.2,61399.3,65251.3,202526.8,0.163498732,-0.13606155,-0.043943348
P29509,"['IVAGQVDTDEAGYIK', 'FGTEIITETVSK']",1.04,1.02,0.94,123613.8,120718.6,111705.3,356037.7,0.056583528,0.028569152,-0.089267338
P23638,"['VTSTLLEQDTSTEK', 'VDDAIELALK']",1.03,1.02,0.95,125844.3,124944.5,115637.7,366426.5,0.042644337,0.028569152,-0.074000581
P53912,"['TVAVAGNPTDWK', 'IIVVASRK']",1.05,0.97,0.98,50489.6,46504.9,47313.6,144308.1,0.070389328,-0.043943348,-0.029146346
P14120,"['VYYFQGGNNELGTAVGK', 'SELEYYAMLSK']",0.95,1.11,0.93,171042.5,199739.1,167696.2,538477.8,-0.074000581,0.150559677,-0.104697379
P46655,"['IHLEGSEAPQEPK', 'ANFEIDLPDAK', 'LDDATEDVFNK', 'IGDIIQFERK', 'AALLNQYFAQAYK', 'LNLEGDFK']",0.91,1.05,1.04,316408.9,363000.1,362610.7,1042019.7,-0.13606155,0.070389328,0.056583528
P38427,"['AGHAIVYGDATSTYAK', 'LVNDEASEGQVK', 'FLVENPEYVEK', 'QRPLLAK', 'YDSYPVLTDDDTFK']",0.97,1.05,0.98,181921.8,197341.8,184293.8,563557.4,-0.043943348,0.070389328,-0.029146346
Q05775,"['ALTAAITPMNK', 'TNLGGAFK']",1,0.95,1.05,310830.6,295547.7,324822.1,931200.4,0,-0.074000581,0.070389328
P23542,"['DMVTMSSRITK', 'IIRSEVSNPPAYGAK', 'TATYPYWANETK', 'LSTVSPVFVCQSFAK']",0.93,1.03,1.04,83536.8,93063.8,94062.9,270663.5,-0.104697379,0.042644337,0.056583528
P48164,"['ILSQAPSELELQVAK', 'SIREIDVTGGK', 'TFIDLESSSPELK', 'ADLRPLQIK', 'VLEDMVFPTEIVGK']",1.01,0.99,1,224341.9,219690.3,220641.2,664673.4,0.014355293,-0.01449957,0
P32835:P32836,"['FDVWDTAGQEK', 'NLQYYDISAK', 'LVLVGDGGTGK', 'SNYNFEK', 'RHLTGEFEK']",1.06,0.96,0.98,569346.1,513916.6,527646.6,1610909.3,0.084064265,-0.058893689,-0.029146346
P38934,"['NTENEQPASIFNK', 'DVSNQFEENQQK', 'VVADDLVLVTPK', 'LNLDYSNK', 'LDTLNVQLK', 'QLDAQIK', 'RQTLFNK', 'EMQSLNK']",1.01,0.99,1.01,439195,429810.1,438814.6,1307819.7,0.014355293,-0.01449957,0.014355293
P38431,"['AAELDVLNDPK', 'ILVTPEYEK']",1.04,0.95,1.01,158633.8,145991.7,154697.8,459323.3,0.056583528,-0.074000581,0.014355293
P25294,"['VDYPISLNDAQK', 'TLQFVIQEK', 'NPSQRGNLIVK']",1.03,1.05,0.92,181368.8,183210.8,161332.8,525912.4,0.042644337,0.070389328,-0.120294234
P32263,"['AADETAAAFYPSK', 'LGIPLQESK', 'SGAHPSVLK']",1.05,1,0.95,185189.2,176598.4,167863.3,529650.9,0.070389328,0,-0.074000581
P07284,"['IEQFVITEPEK', 'MISYSEEFYK', 'GGNPELIRQSQK', 'SWEEFEK']",0.96,1.13,0.91,147969.8,173572.5,140773.1,462315.4,-0.058893689,0.176322773,-0.13606155
P0CX39:P0CX40,['FELGRQPANTK'],0.87,1.11,1.02,90367.9,115475.4,106419.4,312262.7,-0.200912694,0.150559677,0.028569152
P38523,['LDPLGEPFDPNK'],0.86,1.02,1.12,31648.3,37472.7,41434.4,110555.4,-0.217591435,0.028569152,0.163498732
Q12118,"['VLDIEGDNATEAMK', 'VEQSLNLEK', 'DYELAINK', 'EYDQAVK']",1,1.02,0.98,486208.3,495248.9,473455.3,1454912.5,0,0.028569152,-0.029146346
P27616,"['YIEAYETLTGSK', 'TIFDYLPAK', 'VGESQDSYDK']",0.95,1.01,1.04,288810.8,307921.1,318474.4,915206.3,-0.074000581,0.014355293,0.056583528
Q02326,['HLEDNTLLISGPFK'],0.99,1.13,0.88,28394.3,32284.8,25172.9,85852,-0.01449957,0.176322773,-0.184424571
P07170,"['DELTNNPACK', 'EQGTPLEK']",0.93,1.05,1.02,348951.7,391102.9,382594.7,1122649.3,-0.104697379,0.070389328,0.028569152
Q04178,"['ADLPAEMLNDK', 'NRYFAAK']",1.05,0.95,1,103556,93537.9,98927.7,296021.6,0.070389328,-0.074000581,0
P53184,['ATAISAAELGYK'],0.9,1.16,0.94,91222.3,117668.2,95646.5,304537,-0.152003093,0.214124805,-0.089267338
P49089,"['ATNDVEPSTYDSK', 'TVYFASELK']",1.04,0.99,0.97,105121.5,99674.4,98072.6,302868.5,0.056583528,-0.01449957,-0.043943348
P46672,"['STAMVLCGSNDDK', 'EQSAQAAQWESVLK', 'VFFEGFGDEAPMK']",0.99,0.91,1.1,99743.7,91702.6,111179.7,302626,-0.01449957,-0.13606155,0.137503524
P00360,"['IDVAVDSTGVFK', 'EATYDQIK', 'AAAEGPMK', 'HIIIDGVK']",0.97,1.03,0.99,1509037.4,1601031.6,1537418.8,4647487.8,-0.043943348,0.042644337,-0.01449957
P00931,"['IVTLCGDAPEGK', 'DVQSVAEVLPK']",0.86,1.01,1.13,93450.2,110063.1,123751.6,327264.9,-0.217591435,0.014355293,0.176322773
P09436,"['AVADWPVLGK', 'GQVYRGFK', 'LEVAGIELVK', 'FLDGQIALLK', 'EHFDMLSK']",0.97,1.01,1.02,181323.9,189346.4,191371,562041.3,-0.043943348,0.014355293,0.028569152
Q12363,"['TGETTLLSMSK', 'SQSNGDEEDSILK', 'FVYQGETVSK']",0.97,1.09,0.93,216738,243232.6,207605,667575.6,-0.043943348,0.124328135,-0.104697379
P38910,['TASGLYLPEK'],1.04,0.96,1.01,193364,178875.6,188176.9,560416.5,0.056583528,-0.058893689,0.014355293
P0CX48:P0CX47,"['ILTGTVVSTK', 'TAIEGSYIDK', 'QPHIFNNPK', 'NAGLGFK']",0.95,1.04,1.01,2252167.8,2462219.5,2384145.2,7098532.5,-0.074000581,0.056583528,0.014355293
P15992,"['NQILVSGEIPSTLNEESK', 'RVITLPDYPGVDADNIK']",1.13,0.79,1.08,48570.7,34217.9,46703.8,129492.4,0.176322773,-0.340075442,0.111031312
P54115,"['EEIFGPVVTVAK', 'SVAVDSSESNLK', 'LAFTGSTEVGK', 'LHFDTAEPVK', 'SAHLVFDDANIK', 'ITLELGGK', 'VGNPFDK']",0.96,1.04,1,613623.4,664106.3,641051.4,1918781.1,-0.058893689,0.056583528,0
P22146,"['YGAYSFCTPK', 'MTDYFACGDDDVK', 'TSGYADRTAEFK']",0.85,1.05,1.1,70459.6,86595.9,91235.3,248290.8,-0.234465254,0.070389328,0.137503524
P07246,"['SEVFSHVVK', 'NMVSDIQEATK']",1.01,1.05,0.94,169467.8,176695.7,157758.9,503922.4,0.014355293,0.070389328,-0.089267338
P07149,"['TNSHLPAGK', 'LVPTLEAK', 'MFVSNPIRK', 'FLGYVSSLVEPSK', 'NNVSFNAK', 'AAFEDLK']",1.02,0.94,1.04,815460.7,752532.3,832784.1,2400777.1,0.028569152,-0.089267338,0.056583528
P47044,"['ALLESVENHK', 'LVYGGGTTGLMGK']",0.96,1.03,1.02,55838.7,60036.7,59447,175322.4,-0.058893689,0.042644337,0.028569152
Q00955,"['SLAPEVHQQISK', 'ISSTIVAQSAK', 'IIEEAPVTIAK', 'LESFAQDLAK', 'TGLVSVDDDIYQK', 'VAYGSSNPK', 'YIESLQK']",0.99,1.05,0.96,338604.2,359136.7,329536.9,1027277.8,-0.01449957,0.070389328,-0.058893689
P07245,"['TNPDDLTPEEINK', 'YILVSGITPTPLGEGK', 'QFGVPVVVAINK', 'LVGTEPEAK', 'TQYSLSHDATLK', 'LTTIVQK']",1,1.05,0.95,604449.5,630056.7,571580.7,1806086.9,0,0.070389328,-0.074000581
P29952,"['VLSIQAHPDK', 'ILHAQDPK']",1.08,0.95,0.96,110374.6,97148.8,97967.7,305491.1,0.111031312,-0.074000581,-0.058893689
P39015,"['ADVPPPSADPSK', 'VELDAERIETAEK', 'VNQGWGDDK', 'GNNTANATNSANTVQK', 'EAYVPATK', 'DVTDSATTK']",1,0.98,1.03,781816.6,766100.4,803872.5,2351789.5,0,-0.029146346,0.042644337
P38624,['GEVYTIPLGGSVHK'],0.37,1.42,1.21,4317.8,16302.9,13943.1,34563.8,-1.434402824,0.50589093,0.275007047
P04802,"['FTEVHTPK', 'AYLAQSPQFNK', 'MVRLTYK', 'FVDLDEAK']",0.99,1.04,0.97,378149.6,395559.9,370547.1,1144256.6,-0.01449957,0.056583528,-0.043943348
P26786,"['ILEDLVFPTEIVGK', 'SIREIDVAGGK']",0.9,0.93,1.17,164749.8,170979,215023.3,550752.1,-0.152003093,-0.104697379,0.22650853
P21243,"['TDPAGYYVGYK', 'DCTVVISQK']",0.9,1.03,1.07,92699.8,106114.3,110245.2,309059.3,-0.152003093,0.042644337,0.097610797
P07259,"['HIELQTGPDGK', 'LHDLVQFAEK', 'VVGVNLIELATK', 'DGTVLQGYSFGAEK', 'LYVPPADNK', 'QELLSSVQK', 'VVPWNYDFTK', 'ITGPYNIQFIAK', 'DTYIVDNK', 'VSINEPK']",1.03,0.99,0.98,406153.7,392001.4,386743.5,1184898.6,0.042644337,-0.01449957,-0.029146346
P0CX44:P0CX43,"['QVPRLLGPQLSK', 'FPTPVSHNDDLYGK', 'SCGVDAMSVDDLK', 'YNAFIASEVLIK', 'NWQNVGSLVVK', 'VTDVRSTIK']",0.95,1.08,0.97,94253.9,106646.2,96295,297195.1,-0.074000581,0.111031312,-0.043943348
P0CX30:P0CX29,"['GDIPGVRFK', 'RLLGTAFK']",1.02,1.02,0.97,1083726.7,1082925.8,1031739.4,3198391.9,0.028569152,0.028569152,-0.043943348
P16140,"['SAIGEGMTRK', 'EMLNRISPK', 'DHGDVSNQLYAK']",0.93,1.09,0.98,116850.2,137255.4,122577.5,376683.1,-0.104697379,0.124328135,-0.029146346
Q08972,"['LLTGELVPNEGK', 'IVDVLSK']",0.99,1.05,0.96,95782.6,101287.3,93257,290326.9,-0.01449957,0.070389328,-0.058893689
P15705,"['FSDALNDANECVK', 'AEAEAYVNPEK', 'AEEARLEGK', 'ATAQIAVK', 'ALELDASNK', 'AYTEMIK', 'SDWPNAVK']",1.02,0.99,0.99,593847.7,580266.1,578641.3,1752755.1,0.028569152,-0.01449957,-0.01449957
P22943,['GVFQGVHDSAEK'],0.91,1.14,0.95,88470.6,110859.9,92169.8,291500.3,-0.13606155,0.189033824,-0.074000581
Q04182,['GTRVPQTPK'],0.72,1.24,1.03,14758,25347.3,21119.2,61224.5,-0.473931188,0.310340121,0.042644337
P38715,"['AISEGLVSRK', 'VCANQIYEAIK', 'DIFVVSK']",0.95,0.98,1.07,126783.2,130730.7,142305.7,399819.6,-0.074000581,-0.029146346,0.097610797
P40582,['FAAPEDYPAISK'],0.76,1.11,1.13,19891.2,28822,29516.1,78229.3,-0.395928676,0.150559677,0.176322773
P53691,"['HVVFGEVIQGK', 'QNYSVALEK', 'FEDENFTVK', 'LCEGNAGMAK']",0.98,0.99,1.03,279341,280765.9,291538,851644.9,-0.029146346,-0.01449957,0.042644337
P07560,['ELGIPFIESSAK'],1.07,0.94,0.99,27979.8,24599.7,26001.7,78581.2,0.097610797,-0.089267338,-0.01449957
P0C0V8:Q3E754,['ADDHASVQINVAK'],1.12,0.84,1.04,30328.9,22543.5,28090,80962.4,0.163498732,-0.251538767,0.056583528
P46367,"['EEIFGPVVTVTK', 'IAPALVTGNTVVLK', 'TAESTPLSALYVSK', 'VTLELGGK']",1.09,0.98,0.93,238119.3,212842.6,202033.4,652995.3,0.124328135,-0.029146346,-0.104697379
P0CS90,"['RQAVVNPENTLFATK', 'ADQLANDTENSLK', 'TEELQTSSMK', 'EGERLVGIPAK', 'QAIETANK', 'VRDQITSLK', 'LFEQLYK']",1,1.02,0.99,699858.5,715194.9,692204.4,2107257.8,0,0.028569152,-0.01449957
P02407:P14127,"['RLCDEIATIQSK', 'ALIERYYPK', 'IAGYTTHLMK', 'GPVRGISFK', 'LTLDFQTNK']",1,1,1,1513609.9,1519251,1524341.1,4557202,0,0,0
P39958,"['APLVIADPTYFPEK', 'LLGPIEEK']",1,0.91,1.09,167782.4,152118.5,181886.9,501787.8,0,-0.13606155,0.124328135
P17709,"['LSTNPGFHLFEK', 'GFRIADTVGK', 'YDVVIDQK', 'YHPDELAK']",0.98,1.03,1,483785.7,507340.1,493510.2,1484636,-0.029146346,0.042644337,0
P31116,"['FVENGISIATPNK', 'AFSSDLATWK', 'AALAASTTK', 'SVSVGIEK', 'YDYSHPFASLK', 'GSDNVISIK', 'VLRFIGK']",0.95,1.08,0.97,557661.8,630028.1,567790.6,1755480.5,-0.074000581,0.111031312,-0.043943348
P23254,"['LGNLIAIYDDNK', 'FGFNPDK']",1.07,0.86,1.07,126926.1,101645.7,127388.4,355960.2,0.097610797,-0.217591435,0.097610797
P40185,"['LAPPAAASYSQAMK', 'AEQVFQNVK', 'NFAEFNSVYAK', 'NILAESNSSLDNIVK', 'VNVFLADMK']",0.97,0.94,1.09,344302.5,333403,384640.2,1062345.7,-0.043943348,-0.089267338,0.124328135
P36010,['SGPILATVWEGK'],0.84,0.96,1.2,27680.6,31375.2,39375.5,98431.3,-0.251538767,-0.058893689,0.263034406
P41940,"['LATGANIVGNALIDPTAK', 'SISDNVPK', 'ETFPILVEEK', 'ELADFHK', 'GTIVATK']",0.96,1.05,0.99,407107.2,442875.6,421343.3,1271326.1,-0.058893689,0.070389328,-0.01449957
P39986,"['ALQVTPPEHK', 'IAVLHGGTK']",1.02,0.86,1.12,43115.7,36201.3,47420.4,126737.4,0.028569152,-0.217591435,0.163498732
P40106,"['FAPDFANEEYVNK', 'YFITANDVK', 'LEAEIPVK']",1.03,0.95,1.02,453012.5,417281.1,449406.1,1319699.7,0.042644337,-0.074000581,0.028569152
O43137,['DGEVIANIIGEAK'],0.87,0.97,1.16,10278.5,11442,13615.1,35335.6,-0.200912694,-0.043943348,0.214124805
P0CX52:P0CX51,"['GLVAYHQK', 'SATAVAHVK', 'VYEPLLLVGLDK']",0.93,0.95,1.11,176096.2,179663.2,209286,565045.4,-0.104697379,-0.074000581,0.150559677
P34248,['DGLTNSVVHK'],0.77,0.88,1.35,15745.2,18005.1,27757.6,61507.9,-0.377069649,-0.184424571,0.432959407
P28272,"['GYTSIDQFRGK', 'AGAFITK']",1.01,0.97,1.02,177092.5,169501.2,178051.1,524644.8,0.014355293,-0.043943348,0.028569152
Q07551,['RGVLPVTTSSK'],0.96,0.94,1.1,179400.4,176458.3,206193.7,562052.4,-0.058893689,-0.089267338,0.137503524
P36008,"['QAPAFLGPK', 'ALTYTPPK', 'GLIPYNK', 'HPLEALGK']",1.02,0.98,1,881603.3,842218.1,865202.5,2589023.9,0.028569152,-0.029146346,0
P54113,['FEEVPEPFTK'],1,1.09,0.91,36334.6,39573.5,33144.8,109052.9,0,0.124328135,-0.13606155
P32527,"['EADYFGDADK', 'AFETLTDSNK', 'TADLYAAMGLSK', 'TADNARLVK', 'TPIPSLGNK']",0.96,0.96,1.09,719454.1,721669.5,818368.3,2259491.9,-0.058893689,-0.058893689,0.124328135
P15624,"['SYASFIALQDK', 'MSLHAVQSK', 'TYFPGRGAK', 'FVPLNQTQEFTGDK', 'TGEEPELK', 'QQLFDLLGK']",1.01,0.97,1.01,281230.2,270909.4,282314.1,834453.7,0.014355293,-0.043943348,0.014355293
P0CX38:P0CX37,"['RIGQEVDGEAVGDEFK', 'LNISYPVNGSQK']",1.04,1.01,0.94,91344.1,88652.8,82457.4,262454.3,0.056583528,0.014355293,-0.089267338
P05317,"['GNVGFVFTNEPLTEIK', 'IARGTIEIVSDVK', 'LREYLEEYK']",1.02,0.95,1.03,165817.7,154449.1,168141.2,488408,0.028569152,-0.074000581,0.042644337
P35176,"['VYFDINHGDK', 'DENFDVK', 'SIFGNTFK']",0.89,1.15,0.97,121025.5,156438.5,132131.3,409595.3,-0.168122759,0.201633861,-0.043943348
P10622,['AAGANVDNVWADVYAK'],1.03,0.99,0.97,25359.4,24379,23793.6,73532,0.042644337,-0.01449957,-0.043943348
P42943,['LLDVVHPAAK'],1.13,1.3,0.57,14696,16952.8,7408.1,39056.9,0.176322773,0.378511623,-0.810966176
Q12109,['DIIAVGFDPK'],1.01,1.04,0.95,13251.5,13640.1,12419.7,39311.3,0.014355293,0.056583528,-0.074000581
P40531,"['VALNSSECLNK', 'LQEISTSVSEK', 'TLNYALSK']",1.01,1,1,334106.5,332156.6,330829.6,997092.7,0.014355293,0,0
P33333,"['GAFHLAQQGK', 'RQEAIDTLNK']",0.89,1.13,0.98,76805.7,97276.2,84810.7,258892.6,-0.168122759,0.176322773,-0.029146346
P16861,"['DALIELGLDTK', 'IIRMPLVESVK', 'EEVAPYK']",0.89,1.09,1.02,235858.9,285976.5,268770.2,790605.6,-0.168122759,0.124328135,0.028569152
P39676,"['VGAQPNALATTVLAAAK', 'LSAPAGDFAINK']",0.83,1.05,1.12,73368.8,93030.5,99148.5,265547.8,-0.268816758,0.070389328,0.163498732
P38219,"['LQTISALPK', 'AGIVGLANVGK', 'DIEFAQK']",0.97,0.92,1.11,182453.5,172170.2,208608.6,563232.3,-0.043943348,-0.120294234,0.150559677
P33328,['ADNLAISAQGFK'],0.85,1.02,1.13,24039.2,28952.5,32116.1,85107.8,-0.234465254,0.028569152,0.176322773
P28834,"['EGVYEAVESLK', 'AVHETIAEGK']",0.87,1.05,1.08,140828.3,170123.4,173966.1,484917.8,-0.200912694,0.070389328,0.111031312
P40069,"['LGPEITVAALK', 'TSVHYLEK', 'TILPEIFK', 'SVLLASK', 'VEPESYPK', 'YLDPLMNK']",1.05,0.94,1.02,330235.1,296051.6,320689.3,946976,0.070389328,-0.089267338,0.028569152
Q12178,['EGGVPIGGCLINNK'],0.75,1.19,1.06,12850.6,20210.4,18021.1,51082.1,-0.415037499,0.250961574,0.084064265
P10659,"['NFDLRPGVLVK', 'SDEEIIDIISK', 'TQVTVEYK', 'SLVAAGLCK', 'VIPRDMLDENTK', 'IGYDDSAK', 'AQLDYQK']",0.99,0.99,1.02,663587,664012.3,686688.7,2014288,-0.01449957,-0.01449957,0.028569152
P54839,"['GLVSDPAGSDALNVLK', 'IVGDVQHIIK', 'TRPQNVGIK', 'FDGVSQGK', 'SYNIDTNK']",0.99,0.92,1.09,338209.4,314620.1,373706.5,1026536,-0.01449957,-0.120294234,0.124328135
P48836,"['AEAGVQGELAEIK', 'EAHEIVSK']",1,0.99,1.01,401133.6,396284.8,402710.6,1200129,0,-0.01449957,0.014355293
P38701,"['QLENVSSNIVK', 'VEEQEQQQQQIIK', 'IRITLTSTK', 'RYIDLEAPVQIVK', 'GPVRLPTK', 'NAEQHNLVK']",1.01,0.97,1.02,527724.9,506992.5,529115.1,1563832.5,0.014355293,-0.043943348,0.028569152
P38720,"['VLPGPEVPK', 'NIFQSISAK', 'SIIGATSIEDFISK', 'VDHFLANEAK', 'FFADAVTK', 'EISDVFAK', 'IMDTAGQK']",0.96,1.01,1.03,625410.3,659600.5,671797.4,1956808.2,-0.058893689,0.014355293,0.042644337
P16862,"['TISDTAAVVGVK', 'AVAEAIQAK', 'ILLRPDEK', 'AAIDFYTK']",1.03,1.01,0.97,1029623.9,1005435.7,965697.4,3000757,0.042644337,0.014355293,-0.043943348
P19414,"['SMIEYLEATGRGK', 'EVYDFLASATAK', 'YNMGFWK', 'VSPTSDRLQLLK', 'LAGITTVK', 'DAAAHGLK', 'DMPILIK']",0.93,1.09,0.98,391543.7,456306.7,413615.6,1261466,-0.104697379,0.124328135,-0.029146346
P0CX82:P0CX83,"['RALVEHIIQAK', 'RLAASVVGVGK', 'HLYHVLYK']",1.08,0.98,0.94,293328.5,265993.1,256285.1,815606.7,0.111031312,-0.029146346,-0.089267338
P35732,"['QIEQPSLSSK', 'TESPLENVAELK']",0.89,1.08,1.02,156927.2,189789,179455.1,526171.3,-0.168122759,0.111031312,0.028569152
P07213,"['GNQFFRNK', 'VVEMSTK']",0.89,1.02,1.09,125002.2,142832.1,153778.8,421613.1,-0.168122759,0.028569152,0.124328135
P41920,"['TMEEDEEVLYK', 'LFRFDADAK']",0.99,0.98,1.03,155661.7,153085.7,160804.8,469552.2,-0.01449957,-0.029146346,0.042644337
P49573,"['YSTLPSANSK', 'VAISENNQK']",1.01,0.9,1.09,149995.2,134314.5,162375.9,446685.6,0.014355293,-0.152003093,0.124328135
P00498,"['YFADLEGTTVEK', 'TIVTSFVK', 'GVVLDELK', 'SLIATIK']",0.97,0.96,1.07,356897.2,355408.6,394816.7,1107122.5,-0.043943348,-0.058893689,0.097610797
P04807,"['ELMQQIENFEK', 'IFTVPTETLQAVTK', 'LGGDRTFDTTQSK', 'HFISELEK']",0.98,1.01,1.01,951330.7,980995.6,984286.3,2916612.6,-0.029146346,0.014355293,0.014355293
P20606,"['LLFLGLDNAGK', 'TTLLHMLK']",0.9,1.01,1.08,78835.8,88432,94644.1,261911.9,-0.152003093,0.014355293,0.111031312
P00925,['NVPLYQHLADLSK'],1.04,1.02,0.94,41839.7,41090.1,37789.3,120719.1,0.056583528,0.028569152,-0.089267338
P54838,"['VLDPIPSTEDLISK', 'IVGAFAEEYSSK', 'ALQSDFEEIK', 'SFEVTDPVNSSLK', 'AVGTYDFDK']",0.94,1.03,1.03,248055.6,269783.6,270392.2,788231.4,-0.089267338,0.042644337,0.042644337
Q05911,"['SQIGSSAMAYK', 'EVEEPFEK', 'YLNDEQVK']",1,1.04,0.96,460130.1,475950.8,440796.8,1376877.7,0,0.056583528,-0.058893689
P18239,"['IVAAEGVGSLFK', 'TPLPPAPAPK', 'LLIQNQDEMLK', 'YAGILDCFK', 'YDGAFDCLRK']",0.93,1.03,1.04,368637.9,409230.9,414384.4,1192253.2,-0.104697379,0.042644337,0.056583528
P07267,"['YDHEASSSYK', 'RFAFYLGDTSK']",1.02,1.15,0.83,107069.7,120713.1,86552.3,314335.1,0.028569152,0.201633861,-0.268816758
P61830,['STELLIRK'],1.01,1.04,0.94,29894.9,30885.9,27936.5,88717.3,0.014355293,0.056583528,-0.089267338
Q05016,['TVLITGASAGIGK'],0.79,1.02,1.19,16957.3,21787.6,25574.8,64319.7,-0.340075442,0.028569152,0.250961574
P28777,['TATYDGEEGILAAK'],1,0.93,1.07,29029.1,27023,30873.2,86925.3,0,-0.104697379,0.097610797
P00729,['YDEEFASQK'],1.01,0.92,1.06,164360.4,150005.3,172716.4,487082.1,0.014355293,-0.120294234,0.084064265
P31412,"['VDNQIGASIGK', 'IIAVPPK', 'TNLAAAERK', 'SYETLSK']",0.96,1.11,0.93,230504.2,267112.1,224104.1,721720.4,-0.058893689,0.150559677,-0.104697379
P00830,"['IGLFGGAGVGK', 'VQETLQTYK', 'ETGVINLEGESK']",1.05,0.9,1.05,287198.1,245493.6,288079.3,820771,0.070389328,-0.152003093,0.070389328
P53834,['LTSLSTVSSDGK'],0.99,1.06,0.95,97862.4,104631.8,93890.6,296384.8,-0.01449957,0.084064265,-0.074000581
P09624,"['IVSSTGALSLK', 'INVANFQK', 'EDHILDVK', 'AAQLGFNTACVEK']",0.96,1.05,1,347630.4,379508.2,362030.6,1089169.2,-0.058893689,0.070389328,0
P13663,"['LGCHSAPK', 'ILAPLAEDK', 'NRPAPSVEQVK', 'EYVCDAYK']",1.01,0.94,1.05,285364.2,267792.2,298365,851521.4,0.014355293,-0.089267338,0.070389328
P36018,"['LVLLGDSSVGK', 'VRAISTEEAK']",0.97,0.95,1.08,121416.9,119125.2,135531.8,376073.9,-0.043943348,-0.074000581,0.111031312
P02309,"['ILRDNIQGITK', 'TVTSLDVVYALK']",0.93,1,1.07,45350.8,49026.8,52015.8,146393.4,-0.104697379,0,0.097610797
P07251,['TAVALDTILNQK'],1.19,0.87,0.94,32892.5,24026.9,25905.8,82825.2,0.250961574,-0.200912694,-0.089267338
P38845,"['VEPVEGSLQSK', 'GNFEITMPVK', 'DDTFQFK', 'RESTEGVLDGSK']",1.05,0.92,1.02,127121.4,111552.5,123623.3,362297.2,0.070389328,-0.120294234,0.028569152
P32558,['ALADVVQQDK'],1.04,1.11,0.85,98015.9,103703.2,79715.4,281434.5,0.056583528,0.150559677,-0.234465254
P29311,['ATNASLEAYK'],0.97,1.03,1,233541.8,246950.2,239115.9,719607.9,-0.043943348,0.042644337,0
P32481,"['FAVPGGLIGVGTK', 'HVIILQNK', 'DELERNITIK']",1.05,0.94,1.01,220828.7,198181.7,211285.6,630296,0.070389328,-0.089267338,0.014355293
P17967,"['ADIADADVFEK', 'NHDEIVNDPK', 'ALYEEAQEK', 'GDASPIVK', 'NMAPEYVK']",1,0.96,1.03,823705.4,792472.9,850822.1,2467000.4,0,-0.058893689,0.042644337
P32565,['SQFVETIVSK'],1,1,1,67845,67281.9,67502.2,202629.1,0,0,0
P15703,"['AALQTYLPK', 'STSDYETELQALK']",1.09,0.93,0.98,63451.9,54234.9,57029.9,174716.7,0.124328135,-0.104697379,-0.029146346
Q12377,"['IIGLDTQQVEGK', 'LATLHYQK']",0.95,1.1,0.96,137938.4,160108.2,139372.5,437419.1,-0.074000581,0.137503524,-0.058893689
P19262,['ELIEDPRK'],1.42,0.8,0.78,10853.8,6089.8,5988.4,22932,0.50589093,-0.321928095,-0.358453971
P26637,"['NTNIPLPALQK', 'LFSEQTLDDNK', 'IEALEFADDAAK', 'REAELFGK']",1.05,1,0.95,365190.5,349032.5,329075.7,1043298.7,0.070389328,0,-0.074000581
P14906,['TGDIHTLGK'],1.1,1.01,0.9,27033.1,24814.5,22203.7,74051.3,0.137503524,0.014355293,-0.152003093
P06780,['LVIVGDGACGK'],1.02,0.98,0.99,349467.4,336033.2,340082.7,1025583.3,0.028569152,-0.029146346,-0.01449957
P32379,"['RATSPLLESDSIEK', 'LGSTAIGIATK', 'EGVVLGVEK']",0.94,1.04,1.02,228010.4,251910.3,245806,725726.7,-0.089267338,0.056583528,0.028569152
P39111,['NFFVYQEGK'],0.95,1.06,0.99,87198.6,96896.8,90273.2,274368.6,-0.074000581,0.084064265,-0.01449957
P21954,['RGELDNTPALCK'],0.78,0.94,1.28,33814.6,41024.8,55637,130476.4,-0.358453971,-0.089267338,0.35614381
Q05905,['SEFLLSYGK'],0.83,1.07,1.1,102436,131768.1,135396.6,369600.7,-0.268816758,0.097610797,0.137503524
P35691,['LQETNPEEVPK'],1.08,1.06,0.86,44932.7,44403.8,35961.4,125297.9,0.111031312,0.084064265,-0.217591435
P32471,"['AERIAAYNAK', 'QLNASLADK']",0.94,1.08,0.98,560209.8,643102.8,584893.1,1788205.7,-0.089267338,0.111031312,-0.029146346
Q04409,['GLNNTSVGEEK'],0.98,1.04,0.98,88404.3,94543.5,88591.8,271539.6,-0.029146346,0.056583528,-0.029146346
P53163,"['GLLGLSLVEAK', 'DDVRPVDPK', 'TLEDLGAK']",0.98,1.07,0.95,156476,169378.4,150972,476826.4,-0.029146346,0.097610797,-0.074000581
P36421,"['GYPVATPQK', 'EFQEASEK']",1.08,0.93,0.99,223379.8,192676.6,203947.5,620003.9,0.111031312,-0.104697379,-0.01449957
P0CX85:P0CX84,"['QIAFPQRK', 'AYELRTK', 'FEASQVTEK']",0.97,1.03,1,344143.8,366173.8,356944.7,1067262.3,-0.043943348,0.042644337,0
P16120,['SIQYISLSTAHPAK'],0.53,1.3,1.17,5371.2,13299.4,11928.5,30599.1,-0.915935735,0.378511623,0.22650853
P38764,"['QLAYILAAQK', 'YLYVDEPEVK']",1.02,0.89,1.1,139866.4,121969,150535.1,412370.5,0.028569152,-0.168122759,0.137503524
Q12305,['ELIFYCASGK'],0.8,1.12,1.08,37615.3,52353.9,50415.2,140384.4,-0.321928095,0.163498732,0.111031312
Q05506,"['YDVYSGESQVSK', 'RMEDGDEEALK']",1.02,0.9,1.07,57376.2,50684.1,60094.2,168154.5,0.028569152,-0.152003093,0.097610797
P00358,['HIIVDGHK'],0.97,0.98,1.05,66872.9,67710.4,72675.6,207258.9,-0.043943348,-0.029146346,0.070389328
P00331,['VVGLSSLPEIYEK'],0.9,1.25,0.86,17580.9,24397.1,16746.4,58724.4,-0.152003093,0.321928095,-0.217591435
P15496,['GAITAAVRK'],1.25,0.83,0.92,19200.9,12786.5,14238.5,46225.9,0.321928095,-0.268816758,-0.120294234
P38999,['EDLIASIDSK'],1.08,1.03,0.9,43992.9,42066.8,36605.6,122665.3,0.111031312,0.042644337,-0.152003093
P38968,"['LVQITPDGK', 'GVSITNPK']",0.95,1.02,1.03,281474.9,300859.4,306029,888363.3,-0.074000581,0.028569152,0.042644337
P20459,"['GIEQLESAIEK', 'FGHAYEAFK', 'RLTPQAVK', 'GYIDLSK']",1.07,0.96,0.98,333269.2,298205.1,305248,936722.3,0.097610797,-0.058893689,-0.029146346
P48570:Q12122,['SAVEVIEFVK'],1.06,0.97,0.97,48979.4,45089.5,44991.7,139060.6,0.084064265,-0.043943348,-0.043943348
Q03048,"['FILFGLNDAK', 'MVYASSK']",0.93,1.02,1.04,432759.6,476656.9,485776,1395192.5,-0.104697379,0.028569152,0.056583528
P18759,['GLLLYGPPGTGK'],0.68,1.08,1.24,10733.9,17102.5,19619.9,47456.3,-0.556393349,0.111031312,0.310340121
P21576,"['LAALESPPPVLK', 'AHYCGTPYLAK', 'FFENHPSYSSK']",0.95,0.93,1.11,73445.9,71871.4,85476.9,230794.2,-0.074000581,-0.104697379,0.150559677
P04801,"['IETWDAAESK', 'LMDAHLK', 'TYLVQTK']",0.98,0.98,1.05,273947,273853.1,294789.2,842589.3,-0.029146346,-0.029146346,0.070389328
P33302,['GIHIPQTPK'],0.97,1.1,0.92,50647.7,57561.5,48167,156376.2,-0.043943348,0.137503524,-0.120294234
P37292,"['SGTPISFISK', 'YIDSAVK']",0.96,1.09,0.95,160682.9,181866.7,158159.8,500709.4,-0.058893689,0.124328135,-0.074000581
Q12032,['DSINEFLANK'],0.98,0.96,1.05,28226.5,27661.8,30309.9,86198.2,-0.029146346,-0.058893689,0.070389328
P48589,"['QLGEWAGLGK', 'VVGASVVVVK']",0.98,1.01,1.01,551910.3,564329.4,565287,1681526.7,-0.029146346,0.014355293,0.014355293
P47079,"['VLVMATEQQK', 'IIVNHLGK']",1.02,0.97,1,101873,97208.9,100086.6,299168.5,0.028569152,-0.043943348,0
P17255,"['FHLTIEGPK', 'SDSSREVPELLK', 'LNLCAEYK', 'HFPSINTSVSYSK', 'LADSTGDVK']",1.03,1.03,0.94,508182.2,511859.5,465207.7,1485249.4,0.042644337,0.042644337,-0.089267338
Q12117,"['YNHVQTSTQK', 'APVASPRPAATPNLSK']",0.84,1.12,1.05,37263,49656.9,46676.8,133596.7,-0.251538767,0.163498732,0.070389328
P39714,['LGVEVFNPSK'],0.88,1.19,0.93,65514,89316,69572.8,224402.8,-0.184424571,0.250961574,-0.104697379
P06787,"['HVLTSIGEK', 'SNDSEQELLEAFK', 'NGDGLISAAELK']",0.92,0.98,1.1,234616.5,247899,279995.8,762511.3,-0.120294234,-0.029146346,0.137503524
Q12230,"['YDQYRVTLK', 'FALIAGYGK']",0.98,0.96,1.06,97425.1,95006.7,104494.7,296926.5,-0.029146346,-0.058893689,0.084064265
P34730,['ATNSSLEAYK'],0.94,1.04,1.02,189785,210875.4,207017.1,607677.5,-0.089267338,0.056583528,0.028569152
P24280,"['QIPAENLPVK', 'IFILGSSYQK', 'VTSEERMLK', 'ALAELRK']",0.99,1.18,0.83,184754.1,219288.2,155381.5,559423.8,-0.01449957,0.23878686,-0.268816758
P31373,"['LVWIETPTNPTLK', 'THPNYDVVLK']",0.98,1,1.02,116258.8,118183.5,119970.8,354413.1,-0.029146346,0,0.028569152
P38426,"['SVPDVDPAVVDVAK', 'SAVITPVSK']",1.17,0.98,0.85,92478.2,77477.9,67232.4,237188.5,0.22650853,-0.029146346,-0.234465254
P16474,"['HGIDVSDNNK', 'NQVAANPQNTIFDIK', 'VAYPITSK', 'RNTAIPTK', 'VYEGERAMSK', 'IVRQLIK']",1.03,1.02,0.95,588867.1,583115.3,541024,1713006.4,0.042644337,0.028569152,-0.074000581
P32582,"['LNNFNDVSSYNENK', 'YADVFGNATVK', 'TDITDYK', 'LIDVWYK']",0.94,1.03,1.03,376997.6,410934.6,410617.6,1198549.8,-0.089267338,0.042644337,0.042644337
Q03161,['GVQIHTLK'],0.88,1.07,1.05,75283.9,90980,89210.1,255474,-0.184424571,0.097610797,0.070389328
P40581,"['IDVNGGNEDPVYK', 'GQPFPFDQLK', 'ELEALYK']",0.96,1,1.05,206424.3,214672.3,225397.4,646494,-0.058893689,0,0.070389328
Q04697,['ILEEYDGDIGK'],0.94,1.02,1.04,65305.1,70711.7,71678.8,207695.6,-0.089267338,0.028569152,0.056583528
P51402,['TCSSCGYPSAK'],0.79,0.96,1.25,15178.7,18385.1,24039.3,57603.1,-0.340075442,-0.058893689,0.321928095
P40037,"['NVLEASNSSLDRVVK', 'LVEGSIADK', 'AEQVIQNIK']",0.99,0.98,1.03,637775.1,631949.2,666768.1,1936492.4,-0.01449957,-0.029146346,0.042644337
P47075,"['YTVDQVFAK', 'ENYDELVVK', 'IRNAENPISK', 'TELEDNLSK']",0.96,1.03,1.01,248142.2,265910.6,261359.4,775412.2,-0.058893689,0.042644337,0.014355293
P32454,"['SSDSFSTQRLK', 'HGQFAADLTAK', 'GVSQYLNK', 'IYLDPISNDEK', 'TIELEDPTFFK']",1.02,0.96,1.03,189614.3,178529.1,192249,560392.4,0.028569152,-0.058893689,0.042644337
P07278,"['SLTTYDRAK', 'SEQQLQRLEK', 'ILLGSSFK']",1.04,0.89,1.07,109010.6,92752.7,112295,314058.3,0.056583528,-0.168122759,0.097610797
P38791,"['MLEEQDEYVK', 'ASVPIPDDFVK', 'HIDELDDHEK']",0.96,0.97,1.07,52611.5,53154.7,58393.5,164159.7,-0.058893689,-0.043943348,0.097610797
Q12068,"['ETIDDTASQILK', 'AHLVAFQK', 'GILHSIK']",1.04,1.33,0.63,200554,256001.8,121176.9,577732.7,0.056583528,0.411426246,-0.666576266
P41058,['ANDIGFHK'],0.73,1.3,0.97,20833.6,37001.6,27614.8,85450,-0.454031631,0.378511623,-0.043943348
P0CX32:P0CX31,['SVGFGLVYNSVAEAK'],0.99,0.99,1.02,44624,44679.6,45791,135094.6,-0.01449957,-0.01449957,0.028569152
P05373,['TFVLSYAAK'],0.95,0.97,1.08,65932,67214.3,74868,208014.3,-0.074000581,-0.043943348,0.111031312
P53981,"['VFEGVLDDTK', 'ECDLLFAK', 'IRLDPGFK']",1,0.96,1.04,367311.8,349828.1,381250.5,1098390.4,0,-0.058893689,0.056583528
P12695,"['AQPAEPQAEK', 'ILVPEGTK']",0.98,0.97,1.05,324577,323124.4,350069.8,997771.2,-0.029146346,-0.043943348,0.070389328
P38088,"['DLVPVTTEVAK', 'LDNPIEVTK', 'TPFASASIGK', 'LLEFNNSK']",1.01,1.01,0.99,507244.5,507106.3,495966.4,1510317.2,0.014355293,0.014355293,-0.01449957
P38708,"['VVDFSQEVSK', 'FLNNFEDSQK', 'LIGITVDK']",0.92,1.04,1.05,341396.4,385424.6,389651,1116472,-0.120294234,0.056583528,0.070389328
P00445,"['GDAGVSGVVK', 'GDTEESLK']",0.99,1.08,0.93,475437.5,517590.7,444990.1,1438018.3,-0.01449957,0.111031312,-0.104697379
P02294:P02293,"['ETYSSYIYK', 'QTHPDTGISQK']",0.92,1.1,0.98,223406.1,265297.7,236480.9,725184.7,-0.120294234,0.137503524,-0.029146346
P32445,['GTTLSLVQK'],0.88,1.13,0.99,50546.6,64684.7,56920.6,172151.9,-0.184424571,0.176322773,-0.01449957
P41811,['TYNLAHYTK'],0.97,0.89,1.15,21463.5,19726.8,25522.7,66713,-0.043943348,-0.168122759,0.201633861
P38912,['NQGELPENAK'],0.91,1.02,1.07,73586.1,82182.7,85908.3,241677.1,-0.13606155,0.028569152,0.097610797
P13298,['DHGEGGIIVGSALENK'],0.95,1.12,0.94,23953,28279.1,23676.5,75908.6,-0.074000581,0.163498732,-0.089267338
P17555,['SDGGNIYLSK'],1,1.08,0.93,93200,100632.6,86470,280302.6,0,0.111031312,-0.104697379
P49166,['TCSSCGYPAAK'],1.09,1.02,0.89,43639.1,40583.4,35632.8,119855.3,0.124328135,0.028569152,-0.168122759
P26321,['TDYYQRK'],1.06,0.83,1.11,22006,17121.7,22953.1,62080.8,0.084064265,-0.268816758,0.150559677
P17649,['TESIPGPESQK'],0.85,1.09,1.06,27635.5,35277.1,34342,97254.6,-0.234465254,0.124328135,0.084064265
P47096,['VVDETDAEPK'],0.86,1.01,1.13,17292.9,20259.3,22819.8,60372,-0.217591435,0.014355293,0.176322773
P51996:P38555,['IVLIGDSGVGK'],0.98,0.99,1.04,266397.9,269717.2,283337.3,819452.4,-0.029146346,-0.01449957,0.056583528
P02992,['TTLTAAITK'],1.03,1.03,0.94,139773.4,140817,127718.3,408308.7,0.042644337,0.042644337,-0.089267338
P0CX27:P0CX28,"['ASLFAQGK', 'HFELGGEK', 'TRAQLTLK']",1,0.99,1.02,2719828.7,2696863.8,2775806.6,8192499.1,0,-0.01449957,0.028569152
P05745,['VTSMTPAPK'],0.93,0.94,1.13,109316.5,110753.8,132198.9,352269.2,-0.104697379,-0.089267338,0.176322773
P26783,"['TIAETLAEELINAAK', 'GSSTSYAIK']",0.94,1.01,1.05,307592.3,330808.6,345368.8,983769.7,-0.089267338,0.014355293,0.070389328
P0CX54:P0CX53,['IGPLGLSPK'],1.09,1.03,0.88,162719.3,153242,131856.9,447818.2,0.124328135,0.042644337,-0.184424571
P28241,['GPLATPIGK'],1.03,1.05,0.92,271685.1,276928.8,242119.1,790733,0.042644337,0.070389328,-0.120294234
P30656,['ILSNLVYQYK'],0.93,0.94,1.13,31442.4,32020.4,38356.9,101819.7,-0.104697379,-0.089267338,0.176322773
P32614,"['VVDIHEK', 'YNIPVTILEK', 'GVQELMAK', 'ASSIGGNSIK']",0.98,0.96,1.06,203977,198414.2,220088.1,622479.3,-0.029146346,-0.058893689,0.084064265
P34216,['DTDLTDREK'],0.83,1.35,0.82,3760.9,6091.7,3683.1,13535.7,-0.268816758,0.432959407,-0.286304185
P22515,"['IDHTIAWAK', 'TDIEQYK', 'GGIFTEVK']",0.99,1.1,0.91,319970.3,355686.3,296456.5,972113.1,-0.01449957,0.137503524,-0.13606155
Q05359,['ATIDILHAK'],0.94,1.11,0.95,89325,105422.5,90395.7,285143.2,-0.089267338,0.150559677,-0.074000581
P40217,"['EFIILGGGQEAK', 'YIIAGHK', 'VSEEPIHK']",0.82,0.97,1.21,76168.2,90942,113219.4,280329.6,-0.286304185,-0.043943348,0.275007047
P05756,['LSSESVIEQIVK'],1.11,0.9,0.99,51034.8,41291.1,45514.2,137840.1,0.150559677,-0.152003093,-0.01449957
P32495,['QDLGAAGATK'],0.99,0.91,1.1,109299.4,100498.7,121097.4,330895.5,-0.01449957,-0.13606155,0.137503524
P32288,['EMRQPGGMK'],0.9,1.07,1.03,49247.1,58392,56152.5,163791.6,-0.152003093,0.097610797,0.042644337
P49167,['LIQSLPPTLK'],0.97,0.93,1.1,310450.9,296056.3,351266.6,957773.8,-0.043943348,-0.104697379,0.137503524
P25340,['GQPLSHLK'],1.27,1.14,0.59,13910.3,12492.9,6470.4,32873.6,0.344828497,0.189033824,-0.76121314
P40043,['VQTVTTEDGETVK'],1.03,1.01,0.97,97008.4,94815.7,91143.4,282967.5,0.042644337,0.014355293,-0.043943348
Q12306,['VSDGSSEIFFK'],0.85,1.01,1.14,34601.8,41060.6,46440.8,122103.2,-0.234465254,0.014355293,0.189033824
P15646,"['NMAPGESVYGEK', 'RISVEEPSK']",0.94,1.11,0.95,101296.1,119528.8,101954,322778.9,-0.089267338,0.150559677,-0.074000581
P38697:P50095:P50094,['NQNYPLASK'],0.78,1.19,1.03,68351.5,104334,90769.4,263454.9,-0.358453971,0.250961574,0.042644337
P13188,"['EHLEVTGGK', 'LVPGIFADVK']",0.91,1.03,1.07,178538.6,201991.8,209500.8,590031.2,-0.13606155,0.042644337,0.097610797
P52910,['VVITCDEGK'],1.1,0.97,0.93,420506.6,370177.8,354805.3,1145489.7,0.137503524,-0.043943348,-0.104697379
P39683,['AITYSHAAK'],0.97,0.99,1.04,23400.8,23694.8,24953.1,72048.7,-0.043943348,-0.01449957,0.056583528
P80210,"['YEDLPENAK', 'VLPGWDQDITK', 'LVDLLVGK', 'EIPVGISYSIQGK']",0.98,1.06,0.96,224506.5,243730.9,221848.3,690085.7,-0.029146346,0.084064265,-0.058893689
P17891,['REAEILGDEFK'],1.1,0.99,0.91,78205.8,70448.4,64645.5,213299.7,0.137503524,-0.01449957,-0.13606155
P40825,"['GSLVAPEK', 'GIDGSALAK']",0.96,0.94,1.1,177496.1,172957.2,201656.3,552109.6,-0.058893689,-0.089267338,0.137503524
P04449,['VEIDSFSGAK'],0.83,1.13,1.04,74185.7,101266.7,93277.8,268730.2,-0.268816758,0.176322773,0.056583528
P32449,"['HGVAAITTTK', 'DFRNQPK']",1.09,0.88,1.03,105956.7,85614,100723.6,292294.3,0.124328135,-0.184424571,0.042644337
P53252,['IALIAGYGK'],1,1.01,0.99,101985.7,103395.9,101490,306871.6,0,0.014355293,-0.01449957
P00958,"['LESQISEWVEK', 'IALALEYASK']",0.89,1.07,1.04,59701,72092.5,70290.6,202084.1,-0.168122759,0.097610797,0.056583528
P00899,['ESFLLESAK'],0.91,1.02,1.07,43394.4,48698.5,50923.8,143016.7,-0.13606155,0.028569152,0.097610797
P41338,"['AIILGAQSIK', 'FDNEIVPVTIK', 'TAVELGAVALK']",0.92,1.06,1.02,133368.8,154700.7,148679,436748.5,-0.120294234,0.084064265,0.028569152
P53075,['VAIQPAFK'],0.83,1.08,1.09,46772.7,60978.8,61483.9,169235.4,-0.268816758,0.111031312,0.124328135
Q12447,['IIAENTNVAK'],0.96,1.02,1.01,175690.1,187301.2,185227,548218.3,-0.058893689,0.028569152,0.014355293
Q12402,['DEIRASVNEASK'],0.95,0.95,1.1,79215.5,79744.7,92272.2,251232.4,-0.074000581,-0.074000581,0.137503524
P07280:P07281,"['LEVPGYVDIVK', 'IGIVEISPK', 'VLQALEK']",0.96,1.01,1.02,712165.2,750211,758582.5,2220958.7,-0.058893689,0.014355293,0.028569152
P09938,"['AAADALSDLEIK', 'YHEIWQAYK']",0.96,1.07,0.97,146316.6,163941.4,147458,457716,-0.058893689,0.097610797,-0.043943348
P33331,['LVSLPFQK'],0.95,1.02,1.03,202915.8,218210.5,220641.6,641767.9,-0.074000581,0.028569152,0.042644337
P38628,['LLNPVGLQDK'],1.02,1.16,0.82,43715,49374.9,34861.3,127951.2,0.028569152,0.214124805,-0.286304185
P0C2H8:P0C2H9,['RLHGVSFK'],0.95,0.94,1.11,228365.5,225585,266504,720454.5,-0.074000581,-0.089267338,0.150559677
P35844,"['LASALNLSTK', 'AWYDVAGAIK', 'LGDFNLIAK']",1.03,1.03,0.94,151531.6,150864.9,137305.9,439702.4,0.042644337,0.042644337,-0.089267338
O13563,['NSGNLPLNELSAK'],0.89,1.07,1.05,30071,36001.2,35319.4,101391.6,-0.168122759,0.097610797,0.070389328
P17536,"['LEAELAESK', 'LEAESWQEK']",0.95,1.09,0.97,256915,294728,262422.1,814065.1,-0.074000581,0.124328135,-0.043943348
P30624,"['VAQYTVPVGK', 'LVDVEELGYFAK', 'AVYSDLLK']",1.08,0.99,0.93,257037.2,234262.5,221701.4,713001.1,0.111031312,-0.01449957,-0.104697379
Q12159,['GGNAPRPVK'],1.14,0.77,1.09,14237.4,9688.6,13681.1,37607.1,0.189033824,-0.377069649,0.124328135
P0CX36:P0CX35,['YALNGREVK'],0.97,0.97,1.06,17008.8,17014.3,18665.1,52688.2,-0.043943348,-0.043943348,0.084064265
P32939,['ATIGADFLTK'],1.03,0.91,1.06,50805.6,44742.2,52006.3,147554.1,0.042644337,-0.13606155,0.084064265
P40302,"['DTPFTIYDGEAVAK', 'RNADELSSYQK', 'IDGNPDELIK']",0.91,0.97,1.12,86901.1,93043.8,107641.7,287586.6,-0.13606155,-0.043943348,0.163498732
P49435,['EYGSDLFEIQK'],1.09,1.06,0.85,26453.6,25513.2,20516.5,72483.3,0.124328135,0.084064265,-0.234465254
P35723,"['NQPGNVAAAEASK', 'QISLEGLQK']",0.9,1.09,1,156570,189171,173845,519586,-0.152003093,0.124328135,0
P27692,"['ATVELHSK', 'IVPRLDYGK']",0.76,0.99,1.25,18782.2,24478.3,30973.9,74234.4,-0.395928676,-0.01449957,0.321928095
P40212,"['VHFDQAGK', 'IIVFPRDGK']",1.01,0.99,1,368973.6,360427.1,362530.2,1091930.9,0.014355293,-0.01449957,0
Q02821,['LLEVAEYK'],0.93,1.18,0.89,38481.5,48564.3,36631,123676.8,-0.104697379,0.23878686,-0.168122759
P09064,['AGLDNVDAESK'],1.03,1.08,0.89,52172.7,54774.3,44849,151796,0.042644337,0.111031312,-0.168122759
Q03104,"['NFLTNLYSK', 'SFGVPVK', 'DDLINLAK', 'MFLDARGIK']",1.02,1,0.98,201988.9,199412.8,194977.3,596379,0.028569152,0,-0.029146346
P89886,['FDELIPSLK'],1.01,0.86,1.13,25184.1,21298.5,27968.1,74450.7,0.014355293,-0.217591435,0.176322773
Q08745:P46784,"['IHQYLFQEGVVVAK', 'ALQSLTSK']",1,1,1,195183.8,194522.3,195337.1,585043.2,0,0,0
P32366,['SDLLPNIGK'],0.9,1.1,1,85061.6,103830.3,94669.4,283561.3,-0.152003093,0.137503524,0
P24000,['VEVDSFSGAK'],0.91,1,1.1,207765.3,227728.8,250718.7,686212.8,-0.13606155,0,0.137503524
P38249,"['QVIIAEVSK', 'QQLENLLVK', 'QREIEEAAAK', 'FIDLVESK']",1.01,1.01,0.98,152068.3,152623.3,148341.7,453033.3,0.014355293,0.014355293,-0.029146346
P32610,['GANQGYSLLK'],1.13,0.89,0.98,83123.8,65737.8,72284.6,221146.2,0.176322773,-0.168122759,-0.029146346
P22141,['AVTRGISVLK'],0.96,0.9,1.13,47189.8,44266.7,55492.6,146949.1,-0.058893689,-0.152003093,0.176322773
P32775,['SYGLHANPETK'],0.76,1.11,1.13,11057.6,16241.1,16597.6,43896.3,-0.395928676,0.150559677,0.176322773
P40413,"['LDISSVEEYQK', 'TSLGPRGLDK', 'DVDFDLIK']",0.85,1.04,1.1,83771,102323.6,108260.1,294354.7,-0.234465254,0.056583528,0.137503524
P11154:P32327,"['VVEVAPAK', 'GQIGLPK']",0.96,1.04,1,427727,467536,447574.8,1342837.8,-0.058893689,0.056583528,0
Q03195,['VIVFEGIPSK'],1.14,0.9,0.96,28194.1,22349.3,23863.4,74406.8,0.189033824,-0.152003093,-0.058893689
O94742,['AELDRYK'],1.05,1.05,0.9,17524,17406.1,15038.9,49969,0.070389328,0.070389328,-0.152003093
P40075,['QTSNSTPAPQNQIK'],0.8,1,1.2,12479,15657.7,18763.9,46900.6,-0.321928095,0,0.263034406
P02829,"['EILGDQVEK', 'FYSAFSK']",0.98,0.96,1.07,351597.6,346114.4,384021.5,1081733.5,-0.029146346,-0.058893689,0.097610797
P16603,"['SITTDEATELIK', 'YFNIADALK']",1.07,0.96,0.97,67173,60308,61072.7,188553.7,0.097610797,-0.058893689,-0.043943348
P36015,['ILDEYLVAHPK'],0.57,1.7,0.73,4081.5,12120.1,5184.6,21386.2,-0.810966176,0.765534746,-0.454031631
Q12499,"['SSSLIQDLDSSDK', 'SPASTIQILGAEK']",0.97,1.12,0.92,45729.5,52832.6,43283.9,141846,-0.043943348,0.163498732,-0.120294234
P08524,"['ADVLTAFLNK', 'IGTDIQDNK']",0.96,1.01,1.03,244133.6,256277.2,260497,760907.8,-0.058893689,0.014355293,0.042644337
Q05029,['LFPLVYEK'],0.86,0.98,1.15,35390.9,40322.8,47295.5,123009.2,-0.217591435,-0.029146346,0.201633861
P23301,"['VHLVAIDIFTGK', 'IVDMSTSK']",1.01,0.98,1.01,1318588.9,1287964.9,1325257.6,3931811.4,0.014355293,-0.029146346,0.014355293
P25443,"['GWVPVTK', 'TRTLENTLK']",1.02,1,0.98,228105.8,224240.6,220429.3,672775.7,0.028569152,0,-0.029146346
P32419,"['SLVTAVGK', 'SLVFQLDK']",1.11,1.02,0.87,108435.1,99330.8,85514,293279.9,0.150559677,0.028569152,-0.200912694
P05749,['YLIDHIK'],0.15,1,1.85,4047.6,27149.7,49903.5,81100.8,-2.736965594,0,0.887525271
P39077,"['LIQASIGTK', 'ALTDALEVIK']",0.91,0.92,1.16,94183.1,95314.3,119684.1,309181.5,-0.13606155,-0.120294234,0.214124805
P40008,['VVAIVERDNSK'],0.84,1.13,1.04,12096.5,16241.9,14927.8,43266.2,-0.251538767,0.176322773,0.056583528
P53221:P05743,['FAVQVDK'],1.04,0.91,1.05,364195.8,320764,370408,1055367.8,0.056583528,-0.13606155,0.070389328
P39976,"['VRDFDPVSGTFK', 'DNTGYDLK']",0.96,1.02,1.02,105157.8,111028.2,111636.4,327822.4,-0.058893689,0.028569152,0.028569152
P07257,['DLSPAINYTK'],1,1.03,0.97,86028.9,88102.2,83073,257204.1,0,0.042644337,-0.043943348
P53551,['QAATSVSATASK'],0.91,0.94,1.15,38825.8,39936.3,49229.1,127991.2,-0.13606155,-0.089267338,0.201633861
Q08977,['SLESHQVAEK'],1.1,1.06,0.84,23987,23305.2,18371.4,65663.6,0.137503524,0.084064265,-0.251538767
P16550,['LLCALDNEESDK'],1.09,0.97,0.94,79468.7,70477,68874.5,218820.2,0.124328135,-0.043943348,-0.089267338
P41810,['GDAIHATSSSSISK'],0.7,1.26,1.04,10418.3,18810.3,15555.1,44783.7,-0.514573173,0.333423734,0.056583528
P20449,['GVAISFVHDK'],0.88,1.15,0.97,23451.6,30667.6,26027.3,80146.5,-0.184424571,0.201633861,-0.043943348
Q06151,"['VMSLLGTIDNK', 'DAIITAEK', 'RGLEEELTK']",1.05,0.98,0.97,284462.3,266765.8,265177.8,816405.9,0.070389328,-0.029146346,-0.043943348
P06738,['GALDDLGFK'],1.04,0.94,1.02,54410.5,48869.3,53493.2,156773,0.056583528,-0.089267338,0.028569152
P53852,"['NDAASAGHISK', 'ESLIHEVK']",0.72,1.21,1.07,23166.4,38716,34365.6,96248,-0.473931188,0.275007047,0.097610797
P40893,['SVFQEAGK'],1.04,0.92,1.04,179785.4,160317.6,180508.9,520611.9,0.056583528,-0.120294234,0.056583528
Q03558,"['ANNPQHSITK', 'YDRDTFYK', 'EYVQAAK']",1,0.99,1.01,397691.8,395615,403153,1196459.8,0,-0.01449957,0.014355293
P29704,['LAVQDPNFLK'],0.92,1.04,1.04,88766.7,101340.7,100870.8,290978.2,-0.120294234,0.056583528,0.056583528
O14455,['VTQMTPAPK'],1.01,0.92,1.07,88116.1,80227.1,93516.5,261859.7,0.014355293,-0.120294234,0.097610797
P32497,['RIPYSPK'],1.04,0.88,1.09,43283.3,36647.4,45287.3,125218,0.056583528,-0.184424571,0.124328135
P32457,['GQVLPDQPEIK'],1.17,0.84,1,21473.4,15380.8,18328,55182.2,0.22650853,-0.251538767,0
P30657,['VVDRESDIPK'],0.79,1.37,0.84,15115.3,26308.9,16179.3,57603.5,-0.340075442,0.454175893,-0.251538767
P00447,['MIAIQQNIK'],0.95,1,1.05,88047,93012.6,97715.6,278775.2,-0.074000581,0,0.070389328
P38199,['TNIVVERK'],1.11,0.81,1.08,5163.9,3759.3,4995.2,13918.4,0.150559677,-0.304006187,0.111031312
P15891,['IDPSSDIANLK'],0.99,0.87,1.14,70803.7,62140.5,81931.8,214876,-0.01449957,-0.200912694,0.189033824
P00359,['HIIVDGK'],0.94,0.97,1.08,1974009.2,2034418.4,2265382.5,6273810.1,-0.089267338,-0.043943348,0.111031312
P06208:Q12166,['RTVEALTGAK'],0.99,0.91,1.11,129656.8,119081,145379.3,394117.1,-0.01449957,-0.13606155,0.150559677
P40046,['IALPTRVEPK'],0.72,0.69,1.59,5855.9,5591.8,12889.3,24337,-0.473931188,-0.535331733,0.669026766
P01123,"['ESMSQQNLNETTQK', 'RVVEYDVAK']",0.99,1,1.01,219639.7,220752.9,223493.7,663886.3,-0.01449957,0,0.014355293
Q08723,['ELPINHTILGK'],1.59,0.51,0.9,9857.2,3135.1,5574.2,18566.5,0.669026766,-0.971430848,-0.152003093
P41921,['IVCAGPNEK'],0.96,1.04,1,155156.1,168805.5,161113.9,485075.5,-0.058893689,0.056583528,0
Q02725,['LDDLEENTK'],0.97,1.05,0.98,83533,90806,85176.8,259515.8,-0.043943348,0.070389328,-0.029146346
Q12154,['EYNPITDGK'],0.89,0.94,1.17,44089.8,46387.5,58028.5,148505.8,-0.168122759,-0.089267338,0.22650853
Q06103,"['EAAEFVLAK', 'AFLLTQSK']",0.96,1,1.03,115649,120812.9,124243.5,360705.4,-0.058893689,0,0.042644337
P49095,['GVEAIDVAK'],1.07,0.93,0.99,54333.8,47069.1,50267.1,151670,0.097610797,-0.104697379,-0.01449957
P39730,['ERQTLILGK'],0.93,1.16,0.91,33804.5,41879.4,32816.2,108500.1,-0.104697379,0.214124805,-0.13606155
P03965,['AVFNLASK'],0.87,1.13,1,40865.2,53003.3,46587.1,140455.6,-0.200912694,0.176322773,0
Q03640,['VGGNLPQK'],1.03,0.95,1.02,87308.7,80415.3,86660.2,254384.2,0.042644337,-0.074000581,0.028569152
P10081,['DELTLEGIK'],0.94,1.09,0.96,85640.6,99332.4,87667.1,272640.1,-0.089267338,0.124328135,-0.058893689
P15180,"['YHPDPADPAK', 'EITGSYIIK']",0.94,0.95,1.11,82005.5,83635.5,97163.3,262804.3,-0.089267338,-0.074000581,0.150559677
P38986,"['DINEDILYK', 'ILGTGGTIASK']",0.94,1.05,1.01,143171.5,160472.7,155175.6,458819.8,-0.089267338,0.070389328,0.014355293
P05748,['YLEELQRK'],1.58,0.66,0.77,13125.5,5448.3,6361.8,24935.6,0.659924558,-0.59946207,-0.377069649
P38625,['VIDDSNSLFK'],0.98,1.16,0.87,91284.1,108003.4,81080.2,280367.7,-0.029146346,0.214124805,-0.200912694
P00890,['ITSTDPNADYGK'],0.85,0.95,1.2,40406.9,45514.5,57178.2,143099.6,-0.234465254,-0.074000581,0.263034406
P12385,"['ALDLGAVEK', 'FCYGIDDTLK']",1.06,0.95,0.99,93087.3,82968.7,87116.5,263172.5,0.084064265,-0.074000581,-0.01449957
P53315,['SLIHEFGK'],1.01,0.98,1.01,55043.2,53229.8,54993.2,163266.2,0.014355293,-0.029146346,0.014355293
P43621,['LADSIDVRDK'],0.58,0.72,1.7,4530.6,5577.9,13139.7,23248.2,-0.785875195,-0.473931188,0.765534746
P40024,['FIASAGTYANLVK'],1.05,1.11,0.83,13878.2,14689.3,10975.1,39542.6,0.070389328,0.150559677,-0.268816758
P28007,['FYIAADK'],0.96,0.97,1.08,107212.8,108538.1,120858.1,336609,-0.058893689,-0.043943348,0.111031312
P22147,"['LVSLTDGK', 'HINVGIPVK']",1.06,1,0.95,284577.5,267929.1,254848.4,807355,0.084064265,0,-0.074000581
Q08971,['LLTSVPGSK'],0.98,1.02,1,186658,192389.2,189457,568504.2,-0.029146346,0.028569152,0
P35719,['HDVTDFDSK'],0.9,1.07,1.03,263120.6,311240.2,301604.1,875964.9,-0.152003093,0.097610797,0.042644337
P38777,['SVVDHIK'],0.81,0.93,1.27,19158.8,21999.3,30098.6,71256.7,-0.304006187,-0.104697379,0.344828497
Q12672,['HGAVHMSTYLK'],0.83,0.94,1.22,10742.6,12164.1,15794.8,38701.5,-0.268816758,-0.089267338,0.286881148
P30822,['LVETYISK'],0.98,0.89,1.13,52234.4,47244.6,60263.2,159742.2,-0.029146346,-0.168122759,0.176322773
P11412,['AVASGVFK'],1.03,0.97,1,141666.5,133833.8,137394.5,412894.8,0.042644337,-0.043943348,0
P06103,['EDIIAGFK'],1.02,0.98,1,82918.4,79170,81179.9,243268.3,0.028569152,-0.029146346,0
P05759,"['DRLYCGK', 'LAVLSYYK']",0.99,1.02,0.99,323151.1,331369.2,321054.3,975574.6,-0.01449957,0.028569152,-0.01449957
P10080,['DTLYINNVPFK'],0.79,0.8,1.41,5238.5,5351.1,9396.1,19985.7,-0.340075442,-0.321928095,0.495695163
P40513,['FSLVETPGK'],0.95,1.13,0.92,94612.7,112559.3,92167.5,299339.5,-0.074000581,0.176322773,-0.120294234
P46680,['HEFGSQPK'],0.87,1.16,0.97,18784.5,25003.2,20918.2,64705.9,-0.200912694,0.214124805,-0.043943348
P33330,"['GGVEAQQAENEEK', 'AVQNLVDFIK']",0.9,1.04,1.06,56171.9,64980.7,66064.1,187216.7,-0.152003093,0.056583528,0.084064265
P00431,['FLEPIHK'],1.04,1.12,0.84,95146.5,102340.2,76575.4,274062.1,0.056583528,0.163498732,-0.251538767
P25719,['FADENFVK'],0.92,1.04,1.04,90260.8,101710.5,101722.8,293694.1,-0.120294234,0.056583528,0.056583528
Q12458,['IFTLPEDDFK'],1.11,1.03,0.86,60179.4,55619.9,46475.3,162274.6,0.150559677,0.042644337,-0.217591435
P40215,"['VDATTITAK', 'VAPTTGVVAK']",0.93,1.09,0.99,183548.2,214770.4,195006.1,593324.7,-0.104697379,0.124328135,-0.01449957
P53860,['LVFDEPFVK'],1.03,1.26,0.71,35488.7,43160,24366.9,103015.6,0.042644337,0.333423734,-0.49410907
P53622,['EAELSYFEK'],0.88,1.13,0.99,35697.2,45996.3,40155.5,121849,-0.184424571,0.176322773,-0.01449957
Q12460,['LVPDNYTFAK'],1.09,0.86,1.05,51285,40647.6,49207.4,141140,0.124328135,-0.217591435,0.070389328
Q12250,"['LESQESLVK', 'TRQASDLASSK']",1.04,0.98,0.99,99442.5,93349.9,94260.5,287052.9,0.056583528,-0.029146346,-0.01449957
P15625,['LIQELGQLQIK'],1.23,0.6,1.17,11831.1,5744.9,11181.2,28757.2,0.298658316,-0.736965594,0.22650853
P41057,['ANDIGFNK'],0.95,0.98,1.07,169011.6,173716.2,190790.3,533518.1,-0.074000581,-0.029146346,0.097610797
P06101,['VFEDIPIEEAEK'],1.04,0.89,1.07,33848.1,29070,35081.9,98000,0.056583528,-0.168122759,0.097610797
P32621,['VNSVLVENALK'],1.08,1.03,0.89,41544.7,39631.6,34452.9,115629.2,0.111031312,0.042644337,-0.168122759
Q01855,['LLEMSTEDFVK'],0.94,1.1,0.96,80985.1,95336.1,83088.9,259410.1,-0.089267338,0.137503524,-0.058893689
Q00245,['LVLVALK'],0.86,1.09,1.05,39355.7,49855.4,47697.4,136908.5,-0.217591435,0.124328135,0.070389328
P50085,['SAELIGEAIK'],0.96,1.18,0.87,33310.7,41095.5,30161.4,104567.6,-0.058893689,0.23878686,-0.200912694
P52553,['LETQLQENK'],0.96,0.97,1.07,63739.8,64165.8,71226.5,199132.1,-0.058893689,-0.043943348,0.097610797
Q06010,['ALLIQDPK'],1.08,0.96,0.96,110014,97179.2,97979.4,305172.6,0.111031312,-0.058893689,-0.058893689
P16387,['RGQYIPGLK'],0.87,1.16,0.96,29852.7,39683.9,32971.9,102508.5,-0.200912694,0.214124805,-0.058893689
P40414,['LESQLSDTK'],1.06,0.97,0.97,111009.1,101317.1,101325.1,313651.3,0.084064265,-0.043943348,-0.043943348
P35995,['VLTSFVSAK'],1.12,1.31,0.57,12143.3,14142.8,6218.3,32504.4,0.163498732,0.389566812,-0.810966176
P32485,['TVEPDAVDLLEK'],0.94,1.23,0.83,33062,43092.6,29145.9,105300.5,-0.089267338,0.298658316,-0.268816758
P53090,['QDHDEFLK'],0.97,1.07,0.97,91450.9,101051.8,91354.8,283857.5,-0.043943348,0.097610797,-0.043943348
P40303,['TVREFLEK'],1.1,0.96,0.94,66980.3,58773.1,57674,183427.4,0.137503524,-0.058893689,-0.089267338
P41805,['IRIYDLGK'],1.03,0.94,1.03,110507.8,100826.6,109694.8,321029.2,0.042644337,-0.089267338,0.042644337
P23639,['LLVSEVAK'],0.98,1.02,1.01,190008.3,197961.5,196392.3,584362.1,-0.029146346,0.028569152,0.014355293
Q04894,['MPLVVGHEIVGK'],1.1,1.5,0.41,13662.8,18615.2,5070.5,37348.5,0.137503524,0.584962501,-1.286304185
Q06252,['GVVRNNYIGPGPPK'],0.55,0.75,1.7,4765.5,6581.9,14834.1,26181.5,-0.862496476,-0.415037499,0.765534746
P39743,['IVTPCQELLK'],1.18,0.9,0.92,63019.2,48002.9,48901.7,159923.8,0.23878686,-0.152003093,-0.120294234
P17695,"['RFLSTPK', 'TYCPYCK']",0.91,1.07,1.02,161287.3,190595.3,181443.2,533325.8,-0.13606155,0.097610797,0.028569152
P07342,['AADLINLAK'],1.26,0.84,0.9,29195.1,19450.4,20998,69643.5,0.333423734,-0.251538767,-0.152003093
P33892,['FVVNDELLK'],0.97,0.96,1.07,38161.4,37979.3,41984.6,118125.3,-0.043943348,-0.058893689,0.097610797
P05755,"['LDYVLALK', 'LAGEFGLK']",1,1.07,0.93,355602.1,379125.8,330816.1,1065544,0,0.097610797,-0.104697379
P33322,['TGHSGTLDPK'],0.77,1.16,1.07,13573.7,20388.3,18877.3,52839.3,-0.377069649,0.214124805,0.097610797
Q6Q547,['VTESGEITK'],0.99,1.04,0.96,155209.9,162929.5,150426.5,468565.9,-0.01449957,0.056583528,-0.058893689
Q04344,['SEIPSFK'],1,1.05,0.95,201620.8,211471,192438.5,605530.3,0,0.070389328,-0.074000581
P53278,['TQLSAITK'],1.08,1.03,0.89,94573.5,90365.6,78233.1,263172.2,0.111031312,0.042644337,-0.168122759
P0CX46:P0CX45,['VVFRDPYK'],0.64,1.37,1,12374.8,26449.4,19298.7,58122.9,-0.64385619,0.454175893,0
P14742,['GSPLLIGVK'],0.99,0.97,1.04,23391.4,23042.1,24477.3,70910.8,-0.01449957,-0.043943348,0.056583528
Q01939,['NQETAISVAK'],0.98,0.94,1.08,40705.6,39236.8,44988.8,124931.2,-0.029146346,-0.089267338,0.111031312
P32368,['GHELPVK'],0.95,0.96,1.09,47146.8,47712.9,54382.2,149241.9,-0.074000581,-0.058893689,0.124328135
P07262,['ALVAQGVK'],0.94,0.95,1.11,205186.6,206865.2,240551.1,652602.9,-0.089267338,-0.074000581,0.150559677
P52893,['SVAEFITK'],1.09,0.92,0.99,31106,26291.2,28283.9,85681.1,0.124328135,-0.120294234,-0.01449957
P54780,['YLEELERK'],1,1.34,0.66,17630.2,23564.5,11715.9,52910.6,0,0.422233001,-0.59946207
P36154,['DLFNDVLNK'],0.87,0.91,1.22,23727.5,24682.3,33239.1,81648.9,-0.200912694,-0.13606155,0.286881148
P0C0W1:Q3E7Y3,['FLQVMQK'],1.01,0.96,1.03,630705.8,599524.1,642857.2,1873087.1,0.014355293,-0.058893689,0.042644337
P39939,['VSPAAAAK'],1.02,0.88,1.1,82980.2,71528,89431.4,243939.6,0.028569152,-0.184424571,0.137503524
P38071,['IDTISDFIK'],1.05,1.02,0.94,35381.4,34367.5,31618.7,101367.6,0.070389328,0.028569152,-0.089267338
P40495,['ALPDETVK'],1.03,0.99,0.99,69347,66630,66787.7,202764.7,0.042644337,-0.01449957,-0.01449957
Q12074,['EAELYRYYNK'],1.12,1.08,0.8,31913.1,30643.8,22826.3,85383.2,0.163498732,0.111031312,-0.321928095
P27472,['APITVAQYK'],0.85,1.09,1.06,57897.8,74287.8,72537.7,204723.3,-0.234465254,0.124328135,0.084064265
P41913,['SQSLSVLSTPK'],0.9,1.08,1.02,120077.5,143473,135675.9,399226.4,-0.152003093,0.111031312,0.028569152
P18899,['IGEDRFDK'],0.82,1.17,1,16220.2,23063.4,19733.1,59016.7,-0.286304185,0.22650853,0
P15454,['DYNFVSVDEFK'],1.22,0.69,1.1,21086.9,11899,18975.7,51961.6,0.286881148,-0.535331733,0.137503524
Q04371,['SNLVIFK'],0.88,1.05,1.06,22927.4,27401.8,27653.8,77983,-0.184424571,0.070389328,0.084064265
Q02486,['ENPTLRPAEISK'],0.83,1.07,1.1,10699.8,13760.4,14195.6,38655.8,-0.268816758,0.097610797,0.137503524
P36049,['LIEEASDK'],0.97,1.02,1.02,83758.6,88105,88246.8,260110.4,-0.043943348,0.028569152,0.028569152
P41807,['ALESILVK'],0.94,1.11,0.95,51681,61007.9,52613.2,165302.1,-0.089267338,0.150559677,-0.074000581
P05453,['LVSSSGIK'],1.02,0.95,1.03,263892.8,246957.7,268878.6,779729.1,0.028569152,-0.074000581,0.042644337
P33399,['TIPECEAFLK'],1.01,0.84,1.15,23772.6,19752.9,27133.7,70659.2,0.014355293,-0.251538767,0.201633861
P39079,['GFVIINQK'],0.81,0.94,1.25,18164.3,21123.6,28243.7,67531.6,-0.304006187,-0.089267338,0.321928095
P15873,['FEEASLFK'],0.93,1.11,0.96,92557.7,111201.3,95824.4,299583.4,-0.104697379,0.150559677,-0.058893689
Q03690,['GIVGFDK'],1.03,0.91,1.06,133537.8,118008.1,137204,388749.9,0.042644337,-0.13606155,0.084064265
