protein(groups)_accession,related_peptides,nor_pep_ra_+0,nor_pep_ra_+1,nor_pep_ra_+2,inten_+0,inten_+1,inten_+2,total_inten_all_cha
P0CX24:P0CX23,['ASGEIVSINQINEAHPTK'],1.3,1.44,5.26,24008.0,26532.9,97078.2,147619.1
P00560,"['SSAAGNTVIIGGGDTATVAK', 'VLENTEIGDSIFDK', 'ISHVSTGGGASLELLEGK', 'ALENPTRPFLAILGGAK', 'ELPGVAFLSEK', 'TIVWNGPPGVFEFEK', 'IQLIDNLLDK', 'YSLAPVAK', 'AGAEIVPK', 'ELQSLLGK', 'LFAATVAK']",0.99,2.08,4.92,10122485.0,21231423.3,50183359.6,81537267.9
P23180,"['GSSFVSPATRK', 'LVTTGELYHNEK', 'LFQTLVNLQK']",1.0,2.0,5.01,45720.3,91351.4,229094.6,366166.30000000005
P25443,"['LLQLAGVEDVYTQSNGK', 'GWVPVTK', 'TRTLENTLK']",1.0,2.1,4.9,1746683.7,3666447.7,8578778.7,13991910.1
P0CX49:P0CX50,"['AGGECITLDQLAVRAPK', 'SDNVYLK']",1.02,2.03,4.95,1280289.3,2534208.4,6196140.3,10010638.0
P02994,"['TLLEAIDAIEQPSRPTDK', 'SHINVVVIGHVDSGK', 'STTTGHLIYK', 'IGGIGTVPVGRVETGVIK', 'WDESRFQEIVK', 'YAWVLDK', 'SGDAALVK', 'ETSNFIK']",1.03,2.06,4.91,7940738.9,15979779.8,38022606.4,61943125.1
P02769,"['ECCHGDLLECADDRADLAK', 'LFTFHADICTLPDTEK', 'TCVADESHAGCEK', 'EACFAVEGPK', 'SLHTLFGDELCK', 'DDPHACYSTVFDK', 'YNGVFQECCQAEDK', 'AWSVARLSQK', 'QEPERNECFLSHK', 'SHCIAEVEK', 'HLVDEPQNLIK', 'QNCDQFEK', 'GACLLPK', 'ATEEQLK']",0.5,2.43,5.06,3138033.8,15114238.4,31483549.2,49735821.4
P05030,"['LSAIESLAGVEILCSDK', 'VTAVVESPEGERIVCVK', 'VLEFHPFDPVSK', 'HYGDQTFSSSTVK', 'MLTGDAVGIAK', 'GAPLFVLK', 'GLDAIDK']",0.97,2.07,4.96,1851881.0,3937541.0,9452893.6,15242315.6
P39003:P39004,"['AYGEGEEHEPVVEIPK', 'DGTNYLSK']",1.06,1.91,5.03,545551.5,981050.6,2579725.6,4106327.7
P46367,"['NEGATLITGGERLGSK', 'IVGEAITNHPK', 'TAESTPLSALYVSK', 'IAPALVTGNTVVLK', 'EEIFGPVVTVTK', 'SPNIVFADAELK', 'SSAGFADK', 'EDMRIVK', 'VTLELGGK']",0.99,2.06,4.95,585780.5,1218613.6,2935503.9,4739898.0
P0C2H6:P0C2H7,"['SVVSTETFEQPSQREEAK', 'AFEERHQAGK', 'NQWFFSK']",0.93,2.14,4.93,162930.0,375201.4,862703.8,1400835.2000000002
P04147,"['TAEQLENLNIQDDQK', 'AVEALNDSELNGEK', 'GFGFVCFSTPEEATK', 'EASAAYESFK', 'QRQALGEQLYK', 'AHYTNLYVK', 'YQGVNLFVK', 'ERDSQLEETK', 'GFGFVNYEK', 'QYEAYRLEK', 'NINSETTDEQFQELFAK', 'NERMHVLK', 'GSGNIFIK', 'NLHPDIDNK']",1.03,2.03,4.94,1104922.8,2189444.1,5328892.9,8623259.8
P22203,"['DLVSGGVVVSNASDK', 'DDIMREYGEK', 'ADQEYEIEK', 'AMLSQQITK', 'MQAFIRK']",0.98,2.01,5.01,1150223.9,2359603.7,5874259.7,9384087.3
Q04947,"['TAPVSSTAGPQTASTSK', 'LAADVPLEPESK', 'TVFAQVPK', 'LGPISNLVK', 'LFLGQGLITK']",1.05,1.96,4.99,368491.6,688818.8,1752933.2,2810243.5999999996
Q12230,"['NAAGNFGPELARK', 'FALIAGYGK', 'ITDEIAHLK', 'YDQYRVTLK']",0.94,2.46,4.59,690903.8,1806528.0,3368338.3,5865770.1
P05744,['IEGVATPQDAQFYLGK'],0.86,1.87,5.27,30755.1,66421.9,187410.5,284587.5
P32324,"['TGTLTTSETAHNMK', 'DSVVAAFQWATK', 'AGEIVLAARK', 'AVQYLHEIK', 'VRIQGPNYVPGK', 'DEIPVLLEK', 'ADLMLYVSK', 'DEQERGITIK', 'NANDLPK', 'HNRIYLK']",0.94,2.09,4.97,567819.0,1264249.6,3005737.9,4837806.5
P38879,"['DDIELVVQQTNVSK', 'ARELIGK', 'VDNFTQK']",0.94,2.03,5.03,1075353.8,2332490.9,5785977.1,9193821.8
P07267,"['DTENGGEATFGGIDESK', 'YDHEASSSYK']",0.96,2.08,4.96,243017.8,525497.5,1251638.3,2020153.6
P00817,"['GIDLTNVTLPDTPTYSK', 'EETLNPIIQDTK', 'AASDAIPPASPK', 'TYTTRQIGAK', 'ETHDSWK', 'ADAPIDK', 'YALDIIK']",1.0,2.02,4.98,695856.3,1412865.7,3485051.7,5593773.7
P12709,"['TFTTAETITNANTAK', 'AEGATGGLVPHK', 'EANVTGLRDAMFK', 'EFSEQVRSGEWK', 'VFSGNRPTTSILAQK', 'HFAALSTNETEVAK', 'TGNDPSHIAK', 'VVDPETTLFLIASK', 'TFTNYDGSK', 'IYESQGK', 'ILFDYSK']",1.19,2.22,4.59,3394481.7,6366137.1,13132690.8,22893309.6
P0CX38:P0CX37,"['GEQELEGLTDTTVPK', 'RIGQEVDGEAVGDEFK']",0.96,2.42,4.62,390001.3,981263.1,1869630.9,3240895.3
P32471,"['SYIEGTAVSQADVTVFK', 'AERIAAYNAK', 'QLNASLADK']",0.95,2.03,5.01,769996.0,1644238.9,4050858.3,6465093.199999999
P00549,"['GVNLPGTDVDLPALSEK', 'AIIVLSTSGTTPRLVSK', 'SEELYPGRPLAIALDTK', 'IENQQGVNNFDEILK', 'GDTYVSIQGFK', 'IMYVDYK']",1.03,2.03,4.94,7096553.5,14007228.4,34018240.5,55122022.4
P05748,"['YFEVILVDPQHK', 'YLEELQRK']",0.97,1.61,5.42,35284.6,58718.5,197378.3,291381.4
P38011,"['ADDDSVTIISAGNDK', 'ASMIISGSRDK', 'SDVMSVDIDK', 'FGVPVRSFK']",1.01,2.02,4.97,981847.9,1968060.6,4837003.1,7786911.6
P38009,"['HVSPAGAAVGIPLSDVEK', 'YIAAPSGSVMDK']",0.94,2.07,4.99,345661.2,761903.7,1837044.7,2944609.5999999996
P38013,"['FQYIAISQSDADSESCK', 'FASDPGCAFTK', 'MPQTVEWSK']",1.03,2.08,4.89,1459754.0,2944175.3,6936057.3,11339986.6
P25491,"['EASAAYEILSDPEK', 'ILEVHVEPGMK', 'HEISASLEELYK']",0.91,2.0,5.08,140662.1,308947.1,783342.8,1232952.0
P41940,"['LATGANIVGNALIDPTAK', 'ETFPILVEEK', 'ELADFHK', 'SISDNVPK', 'GTIVATK']",0.93,2.06,5.01,652455.9,1447944.3,3520658.8,5621059.0
P46990:P05740,"['FVQGLLQNAAANAEAK', 'LYVSHIQVNQAPK', 'ARYGATSTNPAK']",1.06,1.97,4.97,229347.7,427560.1,1080280.3,1737188.1
P39015,"['GNNTANATNSANTVQK', 'ADVPPPSADPSK', 'VELDAERIETAEK', 'DVTDSATTK', 'EAYVPATK']",1.02,2.07,4.91,2206798.0,4452858.3,10564845.7,17224502.0
P14540,"['SPIILQTSNGGAAYFAGK', 'TGVIVGEDVHNLFTYAK', 'GISNEGQNASIK', 'YTREQVGCK']",0.88,2.14,4.98,638957.6,1545743.0,3606101.0,5790801.6
P41056,['IEGVATPQEAQFYLGK'],0.82,2.26,4.92,34192.9,94460.4,205959.8,334613.1
Q3E757:P0C0W9,"['VLEQLSGQTPVQSK', 'AEEILERGLK', 'AQNPMRDLK']",0.88,1.94,5.18,512748.9,1136970.6,3037177.9,4686897.4
P19097,"['GSTLIVVPFNQGSK', 'AVSIETALEHK', 'ELVETSEVRK', 'EIYYTPDPSELAAK', 'GATLYIPK', 'QVLDVDPVYK', 'AAEEAGVTDVK', 'QVTDYYQSIYAK', 'FLTGHPK', 'SGSLTFNSK', 'YASPNLNMK', 'EVASLPNK', 'YVLITGAGK', 'GRPYTGWVDSK', 'GENYQLVK', 'ETAEQFK', 'SLGGGAALK', 'MGVRTFSQK', 'LYSDLMK']",1.06,2.17,4.77,1407874.6,2872878.1,6323296.8,10604049.5
P25694,"['AEQEPEVDPVPYITK', 'AVATEVSANFISVK', 'GVLFYGPPGTGK', 'VEGEDVEMTDEGAK', 'MAGESESNLRK', 'TPLEPGLELTAIAK', 'EHFAEAMK', 'FGLSPSK', 'AFEEAEK']",1.01,2.05,4.94,1048831.9,2130744.9,5138016.1,8317592.899999999
P06105,"['GSNLQQIREK', 'SGDIVILGPREK', 'IFESILNSPSSK', 'ITITGAPENVEK', 'GLEESHPNVK', 'TIDIPAERK', 'NHDVSVESTLSK', 'DLPSLGSNAAFANVK', 'LASNLDEEK', 'TSIQDYLK', 'VVEEINK', 'LVVEDEK', 'NLIMYFTK']",1.08,2.02,4.9,1051249.4,1971849.1,4777180.3,7800278.8
P06169,"['LIDLTQFPAFVTPMGK', 'IRNATFPGVQMK', 'NIVEFHSDHMK', 'LLTTIADAAK', 'DYETHRVATTGEWDK', 'YLFERLK', 'LTAATNAK']",1.0,2.16,4.84,22901234.9,49487063.7,110799227.3,183187525.89999998
P02406,"['ETAPVIDTLAAGYGK', 'LWTLIPEDK', 'GRIPNVPVIVK', 'YHPGYFGK']",0.99,2.1,4.91,626729.3,1327444.0,3107254.1,5061427.4
P00330,"['GVIFYESHGK', 'VVGLSTLPEIYEK', 'AMGYRVLGIDGGEGK', 'CCSDVFNQVVK', 'ANELLINVK', 'DIVGAVLK']",1.01,1.97,5.02,5822025.4,11346527.8,28998648.9,46167202.1
P38248,['VGQSLSIVSNDELSK'],0.95,2.01,5.04,82389.4,175241.6,438204.7,695835.7
P32911,['TLTTVQGVPEEYDLK'],0.95,1.82,5.22,24929.5,47729.0,136796.2,209454.7
P26784,"['VFEGIPPPYDK', 'VASANATAAESDVAK', 'SVEPVVVIDGK', 'VSSAEYYAK']",0.97,2.01,5.02,856459.4,1768614.1,4413493.2,7038566.7
P04456,"['VIEQPITSETAMK', 'VNTLVRPNGTK', 'ELYEVDVLK']",0.95,2.17,4.87,1185509.5,2697182.9,6055770.5,9938462.9
P00942,"['ADVDGFLVGGASLK', 'TLDVVERQLNAVLEEVK']",1.63,2.2,4.17,21837.1,29366.7,55662.1,106865.9
P22803,"['SASEYDSALASGDK', 'AEVSSMPTLIFYK', 'LDVDEVSDVAQK', 'EVTRVVGANPAAIK']",1.01,2.12,4.88,441818.9,931643.3,2142868.5,3516330.7
P00924,"['TAGIQIVADDLTVTNPK', 'NVNDVIAPAFVK', 'GVLHAVK', 'RIATAIEK', 'HLADLSK']",1.05,2.04,4.9,3889606.6,7538889.4,18073651.2,29502147.2
P07245,"['YILVSGITPTPLGEGK', 'SLNSTVTITHSK', 'TNPDDLTPEEINK', 'GIIELLHK', 'TQYSLSHDATLK', 'QFGVPVVVAINK', 'LVGTEPEAK', 'LTTIVQK', 'AGQVLDGK']",1.15,2.1,4.75,925255.0,1689239.0,3813583.2,6428077.2
P34760,['TAVVDGVFDEVSLDK'],1.01,2.67,4.32,52438.7,138835.3,224994.8,416268.8
P38061,"['TYAAEIAHNISAK', 'DLETLTMHTK', 'FLSPSGHK']",0.97,1.99,5.04,302734.4,622354.5,1573484.5,2498573.4
P11076:P19146,"['QDLPEAMSAAEITEK', 'LFSNLFGNK']",0.96,2.0,5.04,256193.3,534218.9,1348480.3,2138892.5
P04807,"['IVPAEDGSGAGAAVIAALAQK', 'IFTVPTETLQAVTK', 'ELMQQIENFEK', 'LGGDRTFDTTQSK', 'HFISELEK']",0.94,2.08,4.98,939600.4,2074877.4,4977875.0,7992352.8
P37291,"['AVEFAQQVQQSLPK', 'GVDGARVEYICEK', 'NAILYRPK', 'AFHVTPDK', 'EYQTQVLK', 'DEIERQK', 'QAATPEFK', 'INIALNK', 'ALESEFK']",0.98,2.07,4.95,4467350.3,9427704.4,22506519.0,36401573.7
P40069,"['EVASAALSELALGTK', 'LGPEITVAALK', 'VYGENFAPFLK', 'TSVHYLEK', 'TILPEIFK', 'YLDPLMNK', 'SVLLASK']",1.05,2.1,4.86,570270.2,1144227.2,2648105.0,4362602.4
P00925,"['LNQLLRIEEELGDK', 'NVPLYQHLADLSK']",0.98,2.04,4.98,90502.8,187280.2,457380.1,735163.1
P15992,"['NQILVSGEIPSTLNEESK', 'DIDIEYHQNK']",1.08,2.24,4.69,64102.2,133111.5,279027.5,476241.2
P49626:P10664,"['LDQVWGSETVASSK', 'QVLLRLNPYAK', 'RQAYAVSEK', 'IPEIPLVVSTDLESIQK', 'AVGAHSDLLK', 'EAVAALK']",1.16,1.12,5.71,850464.2,820564.4,4173478.9,5844507.5
Q12499,"['SSSLIQDLDSSDK', 'STLIVSETK', 'LANAINK']",1.0,2.0,5.0,408302.6,815323.2,2035248.3,3258874.0999999996
P21734,['GTFLGPPGTPYEGGK'],1.0,2.0,5.01,17006.5,34105.2,85623.1,136734.8
P16474,"['NQVAANPQNTIFDIK', 'SESITITNDK', 'HGIDVSDNNK', 'LENYAHSLK', 'HLPFNVVNK', 'VQQLLESYFDGK', 'VLQDSGLEK', 'QIAEDYLGTK', 'FASEDASIK', 'YNDRSVQK', 'VYEGERAMSK', 'IVRQLIK']",0.96,2.12,4.91,1191644.3,2626837.1,6074817.9,9893299.3
P23254,"['LGNLIAIYDDNK', 'FGFNPDK', 'LFSEYQK']",1.03,2.11,4.87,787819.0,1618627.4,3735404.8,6141851.199999999
P38427,"['YDSYPVLTDDDTFK', 'LVNDEASEGQVK', 'VERLPGSYYK', 'FLVENPEYVEK', 'RITPHLTASAAK', 'QRPLLAK']",1.1,2.12,4.78,287144.4,553914.0,1247852.8,2088911.2000000002
P25087,"['VYAIEATCHAPK', 'LEGVYSEIYK', 'MDFEENTFDK', 'TGLSALMSK', 'LGLAPEGSK', 'IAYEIELGDGIPK']",1.1,2.1,4.81,889231.8,1701163.8,3898902.6,6489298.2
P19882,"['QIIENAGEEGSVIIGK', 'GRNVLIEQPFGPPK', 'EAIQERIEQIK', 'LIDEYGDDFAK', 'VIEFLSANK', 'LLQEVASK', 'FGVEGRASLLK', 'LGVDIIRK', 'LLASAMEK', 'APGFGDNRK', 'AITRPAK', 'FENMGAK']",1.0,1.96,5.04,3050176.5,5999579.1,15415136.5,24464892.1
P07284,"['GGNPELIRQSQK', 'MISYSEEFYK', 'TRFELDELNK']",1.22,2.04,4.74,195059.7,324769.0,756580.1,1276408.8
P41277,"['YGEHSIEVPGAVK', 'FAPDFADEEYVNK', 'RPEYFITANDVK', 'WAVATSGTRDMAK', 'LEGEIPEK']",1.06,2.08,4.86,1175210.8,2318680.4,5407592.7,8901483.9
P40582,"['FAAPEDYPAISK', 'NQFDFVEGEISK']",0.99,2.07,4.94,57848.8,121568.5,289831.6,469248.89999999997
P27616,"['ESQEFPEPIFTPSTK', 'TIFDYLPAK', 'VGESQDSYDK', 'FEFGIDEK']",0.93,2.1,4.97,606280.1,1368313.4,3245498.5,5220092.0
P40150:P11484,"['SQIDEVVLVGGSTRIPK', 'NQAALNPRNTVFDAK', 'TFSPQEISAMVLTK', 'ENTLLGEFDLK', 'STLEPVEQVLK', 'MVNQAEEFK', 'LLSDFFDGK', 'AADEAFAK']",0.98,2.05,4.97,1899449.3,3974927.1,9622599.8,15496976.200000001
P31539,"['SNPCLIGEPGIGK', 'EIEERFEQNDK', 'ALERDEDADSTTK', 'GDFEERFK', 'EAQVDIEAIK', 'HGHEELTQAK', 'IVDIRLK', 'LNLTQEAK']",1.0,2.01,4.99,1376959.8,2781373.5,6905651.4,11063984.7
P05317,"['GNVGFVFTNEPLTEIK', 'IARGTIEIVSDVK', 'LREYLEEYK']",0.94,2.12,4.94,347724.2,787169.1,1833332.6,2968225.9000000004
P32527,"['TADLYAAMGLSK', 'QSAAGGSLDQDGFFK', 'AFETLTDSNK']",1.14,2.03,4.83,486797.7,867692.5,2067639.0,3422129.2
P32454,"['SSDSFSTQRLK', 'IYLDPISNDEK', 'TIELEDPTFFK', 'TIYPVFLALK', 'VTLFNTTPK', 'GVSQYLNK', 'TLAFFEK']",0.98,2.07,4.95,408435.3,865053.9,2070473.9,3343963.0999999996
P37012,"['SGVVNSAFPADESLK', 'DFPELDLGTIGK', 'FFCALFDAK', 'HHPENEASIK', 'IAAIGAANGIK', 'TIQNEFWAK', 'DYVNFLK', 'EIFDFDLIK']",0.99,2.04,4.97,249494.2,513201.2,1253797.2,2016492.6
P0CX46:P0CX45,"['ASTISRGAVSGQK', 'VVFRDPYK']",0.93,2.08,4.99,440411.8,986308.1,2371326.5,3798046.4
P14120,"['VYYFQGGNNELGTAVGK', 'SELEYYAMLSK']",1.05,2.19,4.76,232871.6,484242.1,1052950.8,1770064.5
P54839,"['GLVSDPAGSDALNVLK', 'IVGDVQHIIK', 'TRPQNVGIK', 'FDGVSQGK', 'SYNIDTNK', 'RITETPK']",0.96,2.17,4.88,651689.6,1478374.4,3324793.6,5454857.6
P33442,"['EVQGSTLAQLTSK', 'RVVDPFTRK', 'VISEILTK']",0.95,2.17,4.88,1302503.8,2987484.7,6702086.6,10992075.1
P33299,['GILLYGPPGTGK'],0.92,2.2,4.88,72821.8,174312.2,385558.4,632692.4
P37302,"['LVEIPNLGCEEK', 'EGLHGTLGEPTK', 'HTVATVGVPYK', 'NLYVDYYK']",0.96,2.04,5.01,269272.5,572915.6,1408527.8,2250715.9
P39954,"['VQSEYLGIPEEGPFK', 'VAVVAGYGDVGK', 'VPAINVNDSVTK', 'RATDVMLAGK', 'AYGDVQPLK', 'ILDEAVAK']",1.02,2.06,4.92,1513136.0,3059327.4,7294716.8,11867180.2
P38972,"['ATNIAHVCGLQDK', 'LPIAVAHGEGK', 'LIVEDPLLK', 'ILNENGVAK', 'SAEQLEK', 'TSYEMQK', 'IFNADWTIDGIK']",1.03,1.99,4.97,382392.3,735658.1,1838566.1,2956616.5
P60010,"['EITALAPSSMK', 'DSYVGDEAQSK', 'CDVDVRK', 'IIAPPERK']",1.03,2.06,4.91,2471825.2,4973422.0,11839879.4,19285126.6
P15705,"['FSDALNDANECVK', 'AEEARLEGK', 'TIEYYQK', 'ALELDASNK', 'ATAQIAVK', 'AIELFTK', 'INPSWSK']",1.01,2.05,4.95,1201896.6,2443972.5,5911629.2,9557498.3
P22217,"['TASEFDSAIAQDK', 'FSEQYPQADFYK', 'LDVDELGDVAQK']",1.07,2.03,4.9,444538.9,844512.7,2036538.6,3325590.2
P0CX39:P0CX40,['FELGRQPANTK'],1.35,1.9,4.76,320371.5,451513.2,1131680.6,1903565.3
P26785,"['VSSASAAASESDVAK', 'IFEGIPPPYDK', 'VRSAEYYAK']",0.97,2.07,4.96,624680.8,1337809.5,3210249.2,5172739.5
P23542,"['IIRSEVSNPPAYGAK', 'TATYPYWANETK']",0.98,1.98,5.04,47365.4,96225.5,244826.5,388417.4
P15019,"['FQPQDSTTNPSLILAAAK', 'GEADPGVISVK', 'IASTWEGIQAAK', 'VANNSLEQLK', 'LFEQEGVSK', 'ISYISDESK']",0.98,2.09,4.93,2419739.4,5169520.8,12191061.6,19780321.799999997
P48164,"['VLEDMVFPTEIVGK', 'TFIDLESSSPELK', 'SIREIDVTGGK']",1.01,2.24,4.75,225539.0,498208.8,1056162.3,1779910.1
Q92393:P0C2J0:Q07793:Q03855:P0C2I3:P0C2I6:P47098:Q12269:P0C2I9:Q99231:P0C2I5:Q03434:Q04711:Q12141:P47100:Q04670:P0C2J1:Q12273:P0C2I2:Q12414:Q03612:P0CX59:P0CX60:P0CX76:Q03856:P0CX74:Q12441:P0CX66:Q6Q5H1:P0CX70:P0CX68:Q92392:Q12085:P0CX73:Q12217:Q12470:Q12485:P0CX71:P0CX75:P0CX65:Q04706:P47099:P0CX69:P0CX58:P0C2I8:P0CX57:P0CX67:O74302:P0CX72:P0C2I4:Q99337:Q12088:Q03619:Q12316:Q12193:O13535,"['EVHTNQDPLDVSASK', 'STTEPIQLNNK', 'VIARNPQK']",1.0,2.04,4.96,313320.5,641664.6,1558724.0,2513709.1
P07259,"['HIELQTGPDGK', 'VVGVNLIELATK', 'EYGITPFVK', 'LGLNIPLNEVK', 'DEFEALGVK', 'DTYIVDNK', 'QELLSSVQK', 'AHPRIEAK', 'VDVGMGIK', 'VSINEPK', 'VVPWNYDFTK']",0.97,2.13,4.9,725108.1,1592925.0,3656263.2,5974296.300000001
P28777,"['TATYDGEEGILAAK', 'SVATISQEQK', 'TLGTPIAMMIK']",0.92,2.01,5.06,172470.8,375675.2,944230.1,1492376.1
P22137,"['DGTNSVAIVDLAK', 'ALQDAVDSYDK', 'DNNVYDPERVK', 'IYIDSNNSPEK', 'FSDLIGPSTLIK', 'LELIELLEK', 'AINFYVK', 'VSSYIEK', 'SDNLPLIK', 'LVNDACIEK', 'IIPYCQK']",1.05,2.14,4.81,876162.4,1793699.8,4027779.8,6697642.0
P00815,"['GNSALLEYTEK', 'LLQISTDCDSDALK', 'ILGPGNQFVTAAK', 'LTGPIHLDVVK', 'LVANDVSLK', 'ALSRPIQK']",1.0,2.08,4.92,575133.7,1193129.8,2826246.5,4594510.0
Q00955,"['TGLVSVDDDIYQK', 'VALTVLSHSK', 'IIEEAPVTIAK', 'ISSTIVAQSAK', 'SHGGHTVISK', 'AETFHEMEK', 'IGSFGPQEDEFFNK', 'SLAPEVHQQISK', 'YIESLQK', 'HMVVALK', 'VTEYARK']",1.0,1.96,5.03,538615.0,1052552.5,2699709.4,4290876.9
P05739,"['HLEDNTLLVTGPFK', 'WYPSEDVAAPK', 'TERVEDQK']",0.96,1.92,5.13,74174.1,148707.1,397685.1,620566.3
P10592,"['NQAAMNPANTVFDAK', 'EEFDDQLK']",1.12,2.2,4.68,496970.8,978849.6,2083630.6,3559451.0
P36060,"['DFIQEHVPGPK', 'WIDLPISK']",1.03,2.1,4.87,93599.0,189973.8,441167.0,724739.8
P20081,"['IDRISPGDGATFPK', 'GWDVGIPK']",1.03,2.05,4.92,47815.1,94713.3,227865.0,370393.4
P05319,"['VSSVLSALEGK', 'SVDELITEGNEK']",0.99,2.06,4.95,736200.7,1535531.2,3692978.5,5964710.4
P07806,"['TGVFEPEFTADGK', 'ITPAHDQNDYNTGK', 'ILVSLDDPALK', 'YLIQEGSAIEK', 'TGEVIINPLK', 'VVRDGQITITPK', 'LDDLHAK', 'VFVESNHEEYFK', 'DSIVSLIK']",0.99,2.15,4.87,247774.0,539772.5,1223557.5,2011104.0
P07149,"['FLGYVSSLVEPSK', 'AIFPNTVDGDLLK', 'LLQENDTTLVK', 'IDIIELQK', 'LVPTLEAK', 'EFDETIFNLPK', 'NNVSFNAK', 'YIPNLTAK', 'DFEITAK', 'AAFEDLK', 'QEIFDVTSNGLK', 'WETTTQFK', 'VIDEPIK']",0.97,2.03,5.0,1234667.2,2570123.5,6327517.0,10132307.7
P00950,"['GQQEAARAGELLK', 'LSRAIQTANIALEK', 'VYPDVLYTSK', 'LVLVRHGQSEWNEK', 'NLFTGWVDVK']",0.97,2.18,4.85,733180.3,1652638.3,3665487.6,6051306.2
P0CS90,"['RQAVVNPENTLFATK', 'TEELQTSSMK', 'EGERLVGIPAK', 'VRDQITSLK', 'QAIETANK', 'LFEQLYK', 'RTVDPVK']",0.99,1.98,5.04,1690285.3,3385710.9,8624121.1,13700117.3
P39986,"['ALQVTPPEHK', 'IAVLHGGTK', 'DDAIETIK']",0.9,2.18,4.92,134798.6,324481.1,734047.1,1193326.7999999998
P38934,"['VVADDLVLVTPK', 'NTENEQPASIFNK', 'DDFVNVAPSK', 'LNDIHSK', 'LNLDYSNK', 'RQTLFNK', 'LDTLNVQLK', 'HEELLSK', 'QLDAQIK']",1.0,2.06,4.94,777030.7,1605193.9,3838578.8,6220803.399999999
P14126,"['SLYTNTSRK', 'AHLAEIQLNGGSISEK', 'GCIPGNRK', 'VDWAREHFEK', 'GRFQTPAEK', 'NDFIMVK', 'ALEEVSLK', 'HAFMGTLK']",1.0,2.05,4.94,3451883.7,7049097.2,16988930.8,27489911.700000003
P53691,"['HVVFGEVIQGK', 'QNYSVALEK', 'LCEGNAGMAK']",0.95,2.06,4.99,384014.7,834023.1,2015854.2,3233892.0
P25294,"['VDYPISLNDAQK', 'TLQFVIQEK', 'ESLLGFSK', 'NPSQRGNLIVK']",0.99,1.96,5.05,487501.7,967441.3,2496329.5,3951272.5
P21576,"['FFENHPSYSSK', 'LAALESPPPVLK']",0.91,2.01,5.08,75151.6,165766.4,420179.5,661097.5
P16521,"['DETVAPRFK', 'SAVIIDNMCK', 'NLTEEVWAVK', 'DILDEFRK', 'GNFTEFVK', 'LSSAELRK', 'AAATAAMTK', 'MVAEVDMK', 'VLEELFQK']",0.97,2.11,4.92,1551785.4,3372902.6,7852580.3,12777268.3
P38968,"['SLPAQNPATATTSK', 'ISGLESNTTLSEALK', 'ARVLIASGK', 'LVQITPDGK', 'ANDGWNDLPLK']",1.01,1.96,5.03,360404.7,700487.4,1796154.1,2857046.2
P16140,"['SAIGEGMTRK', 'EMLNRISPK', 'AVVGEEALSIEDK', 'LSLEFLEK']",0.98,2.0,5.02,446115.0,914837.7,2294831.7,3655784.4000000004
P0CX56:P0CX55,"['DYHTLANNVESK', 'ADVDLHK', 'IVYALTTIK']",1.07,2.03,4.9,497227.4,948414.6,2286728.0,3732370.0
P15108,"['LIEAFNEIAEDSEQFDK', 'IRYQALSDPK', 'FYSAFAK']",1.01,1.98,5.01,893833.9,1761077.5,4458974.2,7113885.6
P32861,"['YEIISQQPENVSNLSK', 'EHIDEFK']",1.07,2.08,4.84,422674.7,820138.2,1907344.0,3150156.9
O14467,"['LRGNNIGSPLGAPK', 'LERALGVK']",1.1,2.29,4.61,196565.3,408562.7,822856.0,1427984.0
P41920,['TMEEDEEVLYK'],1.06,2.12,4.82,119487.5,239155.1,544524.6,903167.2
P36105,"['LAAIVEIIDQK', 'WAAAAVCEK', 'VLIDGPK']",1.0,2.03,4.97,1087617.2,2214210.8,5426915.9,8728743.9
P40185,"['LAPPAAASYSQAMK', 'NILAESNSSLDNIVK', 'VNVFLADMK', 'NFAEFNSVYAK', 'AEQVFQNVK']",1.0,2.03,4.97,789118.5,1596259.2,3914863.4,6300241.1
P38523,['LDPLGEPFDPNK'],1.1,2.35,4.55,24741.4,53060.4,102543.9,180345.7
P04806,"['DFMVEQELLNTK', 'LSGNHTFDTTQSK', 'TGHIAADGSVYNK', 'HFIDELNK']",0.96,2.0,5.03,1710350.6,3555892.9,8922663.4,14188906.9
P14832,"['HVVFGEVVDGYDIVK', 'VESLGSPSGATK', 'LYNDIVPK', 'ARIVVAK']",1.04,1.99,4.96,717818.2,1374157.0,3422174.6,5514149.8
Q12109,"['DIIAVGFDPK', 'AVFGFNDSDCIGK']",0.42,2.42,5.16,12471.2,72727.9,155080.4,240279.5
P51401:P05738,"['FLDGIYVSHK', 'SLVDNMITGVTK', 'FIEVRNFLGDK', 'HVAALRTVK', 'VVGPRGTLTK', 'HIDVTFTK', 'VNNQLIK']",1.03,1.96,5.01,1349256.9,2575246.1,6575885.6,10500388.6
P00830,"['ETGVINLEGESK', 'IGLFGGAGVGK', 'DTVASFK']",0.99,1.99,5.01,849186.1,1707142.6,4293122.3,6849451.0
P30624,"['DSSINIENYLEDAK', 'LVDVEELGYFAK', 'AVYSDLLK', 'TFSFDDILK']",1.03,2.06,4.91,300202.2,601746.1,1430631.4,2332579.7
P38264,"['SIEEAERAGNAGVK', 'YVEPGNAMSGEGEK', 'SALEHNEVK']",1.14,2.08,4.78,363941.7,661015.5,1521877.6,2546834.8
P08417,['AIQQAADEVASGK'],0.99,1.91,5.1,62663.3,121733.7,324205.9,508602.9
P15624,"['FVPLNQTQEFTGDK', 'VFETGDVVFK', 'TGEEPELK', 'FLRQSDNGDLAVK', 'QQLFDLLGK']",1.07,2.08,4.86,346774.6,676511.3,1580846.2,2604132.1
Q04336,['DAFEEYLVQGK'],0.55,1.45,6.0,3776.3,9904.2,40952.5,54633.0
P47143,"['SMYQVQNDIGTGK', 'FSERLLNENEK']",1.34,2.1,4.57,124331.6,195039.8,424937.5,744308.9
P06367:P39516,"['EVGITAVHVK', 'ETIARVTGGMK']",1.0,2.08,4.92,449799.6,939926.3,2220179.1,3609905.0
Q05911,"['DVNNALQPFQK', 'LVNVINRLAK', 'SQIGSSAMAYK', 'YLNDEQVK']",0.87,2.1,5.03,419048.4,1013445.5,2425916.3,3858410.1999999997
Q07478,"['GSYVGIHSTGFK', 'TAVFYGGTPISK', 'YIDLSHVK', 'EDEEVLAK', 'STTRANELTK', 'NFVIDECDK', 'IQERFDVK']",1.03,2.09,4.88,429408.2,875118.1,2039464.1,3343990.4000000004
P0CX52:P0CX51,"['SATAVAHVK', 'GLVAYHQK']",1.04,2.39,4.58,354249.8,816188.9,1563474.8,2733913.5
Q05506,"['YDVYSGESQVSK', 'RMEDGDEEALK']",0.99,2.13,4.88,90927.5,194701.0,447072.6,732701.1
P29509,"['IVAGQVDTDEAGYIK', 'FGTEIITETVSK', 'LLNALRIK', 'VFMLVRK']",1.06,2.29,4.65,394827.8,850515.0,1724607.6,2969950.4000000004
Q02326,"['HLEDNTLLISGPFK', 'WYPSEDVAALK', 'AERVEDQK']",1.04,2.14,4.83,112941.0,232722.8,525531.6,871195.3999999999
Q05775,"['ALTAAITPMNK', 'DTPIETHPLFNAETK', 'EQEEQALK', 'TNLGGAFK']",0.98,2.14,4.88,698250.9,1524020.4,3474006.7,5696278.0
P04840,"['VSDSGIVTLAYK', 'NELITSLTPGVAK', 'DGPLSTNVEAK', 'LSEPVHK']",1.05,2.01,4.94,792087.2,1509934.0,3714252.4,6016273.6
P38250,['HVVNVQNPPK'],1.0,2.16,4.84,16912.2,36669.8,82023.4,135605.4
P10622,['AAGANVDNVWADVYAK'],1.12,2.04,4.85,29412.3,53704.6,127696.6,210813.5
P00360,"['YDSTHGRYK', 'IDVAVDSTGVFK', 'HIIIDGVK', 'AAAEGPMK', 'EATYDQIK']",0.93,2.16,4.91,5216315.2,12040253.8,27428733.2,44685302.2
P38701,"['VEEQEQQQQQIIK', 'QLENVSSNIVK', 'IRITLTSTK', 'RYIDLEAPVQIVK', 'NAEQHNLVK']",1.19,2.02,4.8,683909.9,1161412.2,2764777.3,4610099.4
P46655,"['ANFEIDLPDAK', 'AALLNQYFAQAYK', 'LDDATEDVFNK', 'AYCDDTPTEK', 'IHLEGSEAPQEPK', 'LTWLADTK', 'LNLEGDFK']",1.04,2.1,4.87,662703.7,1340421.7,3110425.8,5113551.199999999
P32481,"['FAVPGGLIGVGTK', 'HVIILQNK', 'DELERNITIK']",0.99,2.09,4.92,332901.9,702638.0,1653946.2,2689486.1
P38234,"['IAGLFVSGAISGK', 'TNADFSYK']",1.04,2.06,4.9,178409.3,354961.8,842580.5,1375951.6
P05756,['LSSESVIEQIVK'],0.96,2.22,4.82,38169.1,88330.1,191551.0,318050.2
P22943,['GVFQGVHDSAEK'],0.99,2.01,5.0,574647.3,1158489.5,2888190.2,4621327.0
P40008,['VVAIVERDNSK'],1.3,1.74,4.96,23127.5,31107.9,88487.1,142722.5
P05694,"['AYTYFGEQSNLPK', 'AVDVTALEMVK', 'GFFSFATQK', 'ITVDELFK']",0.95,1.97,5.08,324613.0,671911.6,1737218.0,2733742.6
P35691,"['LQETNPEEVPK', 'GAQTYVK']",1.01,2.04,4.94,296537.1,598385.8,1447108.9,2342031.8
P04802,"['FTEVHTPK', 'EIGDFEDLSTENEK', 'AHGLSPEDPGLK', 'AYLAQSPQFNK']",1.06,2.11,4.82,359929.6,713788.3,1630528.2,2704246.0999999996
P06787,"['SNDSEQELLEAFK', 'HVLTSIGEK']",0.92,1.95,5.14,446478.2,949418.5,2505708.9,3901605.5999999996
P09064,"['TIFSNIQDIAEK', 'DSSVDAFEK']",1.04,2.23,4.73,76627.1,164652.9,349791.9,591071.9
P33330,"['GGVEAQQAENEEK', 'AVQNLVDFIK', 'DGLDDQFLK']",1.07,2.14,4.79,149864.7,299972.1,670960.5,1120797.3
P48836,"['AEAGVQGELAEIK', 'EAHEIVSK', 'NAGGVGELEK']",1.03,2.07,4.9,791066.2,1594404.5,3780475.0,6165945.7
P07283,"['TYCLQHVEK', 'CCIGFVGGSDLSK']",0.94,2.08,4.98,74192.3,163947.5,392275.2,630415.0
Q08972,"['LLTGELVPNEGK', 'LIIEEFGK']",0.94,2.0,5.06,253384.6,541790.9,1368702.1,2163877.6
P53852,"['NDAASAGHISK', 'ELLADFVESESK', 'ESLIHEVK', 'EFLQLTDK']",0.98,1.95,5.08,186671.1,372544.4,970504.2,1529719.7
P16862,"['TISDTAAVVGVK', 'ILLRPDEK', 'AAIDFYTK']",0.92,2.01,5.08,786025.2,1722642.4,4361149.6,6869817.199999999
P32599,"['YLTPSSLVAGNPK', 'FRAIDLDDK', 'VMPGAVDFK']",1.06,1.98,4.95,446334.7,834313.5,2083142.0,3363790.2
P07251,"['TAVALDTILNQK', 'HALIVYDDLSK']",0.81,2.13,5.06,181525.5,474575.0,1127000.0,1783100.5
P22146,"['TSGYADRTAEFK', 'MTDYFACGDDDVK', 'YGAYSFCTPK']",1.05,2.03,4.92,134715.5,260280.0,630935.8,1025931.3
P09624,"['NVVEIVVEDTK', 'IVSSTGALSLK', 'EDHILDVK', 'INVANFQK', 'EAGIDYK']",1.05,2.12,4.83,838848.5,1687922.2,3845563.2,6372333.9
P06168,"['AAIEDGWVPGK', 'DLDVILVAPK', 'NLFTVEDAIK', 'DLTHVEPPK']",1.13,2.15,4.72,938880.9,1783660.6,3923990.2,6646531.7
Q03558,"['ANNPQHSITK', 'MSAEGYIDYPTYEEALK', 'YDRDTFYK', 'EYVQAAK', 'FAYSIWK']",0.94,2.12,4.95,799180.5,1809592.6,4223690.8,6832463.9
Q12250,"['IVDLLASRNK', 'TRQASDLASSK', 'LEYYNLLVK']",1.1,2.1,4.8,71245.0,135226.0,309789.0,516260.0
P29952,"['VLSIQAHPDK', 'MPSYNHESK', 'ILHAQDPK']",1.0,2.25,4.75,234371.6,528695.0,1113081.8,1876148.4
P0CX44:P0CX43,"['YNAFIASEVLIK', 'QVPRLLGPQLSK', 'FPTPVSHNDDLYGK', 'VTDVRSTIK', 'NWQNVGSLVVK']",1.04,2.12,4.84,530245.5,1083825.6,2474047.9,4088119.0
P0C0V8:Q3E754,"['ADDHASVQINVAK', 'CSATNRIIK']",1.11,1.96,4.93,132109.9,234352.0,589339.1,955801.0
Q12363,"['TGETTLLSMSK', 'FVYQGETVSK']",1.05,2.09,4.86,1210211.2,2417434.6,5614356.0,9242001.8
P38088,"['DLVPVTTEVAK', 'TPFASASIGK', 'LDNPIEVTK', 'QVRGSVENVIK', 'IDGYSGPELGELMEK']",1.06,2.11,4.83,650733.9,1289201.6,2955855.6,4895791.1
P00498,"['YFADLEGTTVEK', 'TIVTSFVK', 'GVVLDELK']",1.01,2.08,4.92,612719.3,1265537.5,2994614.5,4872871.3
P12385,"['GLILAGSADFK', 'DAEDNEVIK', 'ALDLGAVEK', 'FTVDLPK', 'LYNTLPK']",1.1,1.95,4.95,515651.9,908151.6,2310735.8,3734539.3
P40106,"['FAPDFANEEYVNK', 'YFITANDVK']",1.08,1.96,4.96,187213.2,338377.9,857340.9,1382932.0
Q08723,['ELPINHTILGK'],1.24,1.29,5.47,20172.1,21022.1,88952.7,130146.9
P32836:P32835,"['FDVWDTAGQEK', 'NLQYYDISAK', 'LVLVGDGGTGK', 'RHLTGEFEK']",0.98,2.08,4.93,858742.9,1821754.2,4310672.5,6991169.6
P43616,"['LDISNFVGGMK', 'LVIDEAK']",0.9,2.12,4.98,506939.3,1196029.7,2814557.7,4517526.7
P51402,"['TCSSCGYPSAK', 'TRSHNWAAK', 'GTPSFGK']",1.01,2.04,4.95,1733814.7,3485327.7,8475993.4,13695135.8
P38788,"['EAVLTVPTNFSEEQK', 'LAAEDYIGSAVK', 'LYTLGTK']",1.01,2.0,4.99,434754.5,866233.5,2158533.2,3459521.2
P10591,"['NQAAMNPSNTVFDAK', 'ELQDIANPIMSK']",0.94,2.4,4.67,441587.8,1128382.8,2198389.3,3768359.9
P23301,"['VHLVAIDIFTGK', 'IVDMSTSK', 'NGFVVIK']",1.01,2.04,4.96,1408861.0,2852393.1,6936754.4,11198008.5
P36018,"['LVLLGDSSVGK', 'VRAISTEEAK']",1.06,2.06,4.89,258226.4,503020.1,1196714.0,1957960.5
P10080,"['DTLYINNVPFK', 'DREIHIK']",0.93,1.82,5.25,23901.7,46991.1,135346.1,206238.90000000002
P07278,"['SEQQLQRLEK', 'LADALDTK', 'ILLGSSFK']",0.89,2.18,4.94,368682.7,905164.1,2053074.7,3326921.5
P32589,"['AYNRILTAAEK', 'LEEEYAPFASDAEK', 'NRYLGETGK', 'VLGTACDK', 'IDIRENPK', 'LQGMLNK']",0.97,2.18,4.84,850398.3,1914298.0,4244884.2,7009580.5
Q03161,"['TAIEVENTSSSK', 'GVQIHTLK']",1.04,2.05,4.9,154362.0,303757.1,724516.6,1182635.7
P36015,"['ILDEYLVAHPK', 'VQQELDETK', 'LDNLVDK']",1.04,2.1,4.87,428898.8,868126.8,2013092.0,3310117.6
Q12118,"['VLDIEGDNATEAMK', 'DYELAINK', 'EYDQAVK']",1.02,2.13,4.85,427736.4,891740.1,2027921.8,3347398.3
P32775,"['SYGLHANPETK', 'VMFILPDGSK']",0.95,2.46,4.6,56560.8,146854.6,274940.5,478355.9
P01120,['LVVVGGGGVGK'],0.97,2.11,4.92,275663.2,599412.1,1397752.1,2272827.4000000004
P49090,['ANADANEDNNVDEK'],0.89,1.83,5.28,21676.6,44739.8,129049.8,195466.2
P0CX48:P0CX47,"['ILTGTVVSTK', 'TAIEGSYIDK', 'QPHIFNNPK']",1.03,2.06,4.92,6668058.9,13365958.5,31968530.0,52002547.4
P07170,"['DELTNNPACK', 'EQGTPLEK']",1.0,2.03,4.97,764912.6,1549243.0,3787474.9,6101630.5
O13563,['NSGNLPLNELSAK'],1.04,1.69,5.26,35268.6,57213.6,178000.9,270483.1
P02407:P14127,"['ALIERYYPK', 'IAGYTTHLMK', 'RLCDEIATIQSK', 'GPVRGISFK', 'LTLDFQTNK']",1.51,1.94,4.55,953845.3,1226408.5,2870358.7,5050612.5
P26786,"['ILEDLVFPTEIVGK', 'SIREIDVAGGK', 'AELRPLQFK']",0.88,2.09,5.03,650708.5,1545966.9,3728255.9,5924931.3
P0CX30:P0CX29,"['SSPFGGSSHAK', 'GDIPGVRFK', 'RLLGTAFK']",0.81,1.95,5.24,1049209.8,2528555.3,6800992.3,10378757.399999999
P17076,"['TRNPLTHSTPK', 'MGVPYAIVK']",1.14,2.0,4.86,293679.2,516313.6,1254472.0,2064464.8
P14843,['DTFLILRGGK'],1.38,2.21,4.41,24761.4,39558.9,78847.6,143167.90000000002
P38431,"['AAELDVLNDPK', 'ILVTPEYEK', 'LQDVLDGFINK']",1.03,2.07,4.9,418014.4,838577.4,1987367.3,3243959.1
Q12074,"['EAELYRYYNK', 'YQDVLIFK']",0.87,2.06,5.07,68395.3,162367.6,400141.3,630904.2
P17967,"['NHDEIVNDPK', 'FGRHAGNLNMK', 'SQEIFENQDSSVFQLVGK', 'ADIADADVFEK', 'ALYEEAQEK', 'NMAPEYVK', 'AIESLVK']",1.07,2.16,4.77,3226290.7,6517808.8,14400969.6,24145069.1
P16547,"['AIAIGEFDTAK', 'DALLGVSQK']",1.01,2.03,4.96,292546.0,590803.7,1441014.0,2324363.7
P05750,"['GCEVVVSGK', 'IMRDPAK']",1.0,2.15,4.85,359707.5,775457.6,1744949.4,2880114.5
P40215,"['DDSEVARLK', 'VAPTTGVVAK']",1.19,1.94,4.87,146640.8,238078.2,598420.1,983139.1
P38910,['VGDQVLIPQFGGSTIK'],0.5,1.73,5.77,5497.3,18946.9,63179.9,87624.1
P40531,"['VALNSSECLNK', 'LQEISTSVSEK', 'TLNYALSK']",1.0,2.12,4.88,535248.3,1127544.4,2599010.1,4261802.8
P54115,"['SVAVDSSESNLK', 'LAFTGSTEVGK', 'EEIFGPVVTVAK', 'LHFDTAEPVK', 'TLPNLVNGIFK', 'ITLELGGK', 'SAHLVFDDANIK', 'AYLETEIK', 'VGNPFDK']",0.99,2.03,4.98,3627344.2,7430933.2,18240827.5,29299104.9
P07262,"['VIELGGTVVSLSDSK', 'GANIASFIK', 'ALVAQGVK']",1.08,1.79,5.12,360106.1,595355.5,1701752.1,2657213.7
Q04491,"['IFEVEGETHK', 'FVTGGADNLVK']",1.01,2.12,4.87,210731.5,441360.7,1015296.5,1667388.7
P38219,"['LQTISALPK', 'AGIVGLANVGK', 'CEDVFEYK', 'VLLGRPGNNLK', 'IITTMRQK', 'DIEFAQK']",1.04,2.12,4.85,675923.1,1379411.4,3159445.7,5214780.2
P36008,"['QAPAFLGPK', 'ALTYTPPK', 'GLIPYNK', 'DVDACFVK', 'HPLEALGK']",1.02,2.1,4.88,1599278.6,3303994.2,7681294.4,12584567.200000001
P46672,['VFFEGFGDEAPMK'],0.97,1.77,5.25,40302.8,73463.5,217497.6,331263.9
P00331,['VVGLSSLPEIYEK'],0.82,2.43,4.75,12672.3,37489.0,73282.6,123443.90000000001
P54113,"['FEEVPEPFTK', 'TGLLDLAK']",0.98,1.91,5.11,127158.1,248293.7,663905.1,1039356.9
P36017,['GLLFFETSAK'],1.11,2.19,4.7,29054.9,57074.9,122466.8,208596.6
P33322,['TGHSGTLDPK'],0.86,2.16,4.98,19576.6,49131.1,113144.2,181851.9
Q08245,"['NEATPEAEQVK', 'EQAEASIDNLK']",0.98,2.08,4.93,550864.3,1167669.6,2763816.1,4482350.0
P39976,"['VRDFDPVSGTFK', 'DNTGYDLK', 'LISEGMMAK']",0.93,2.14,4.94,325207.9,747275.3,1726889.6,2799372.8000000003
P38720,"['VDHFLANEAK', 'VLPGPEVPK', 'SIIGATSIEDFISK', 'NIFQSISAK', 'FFADAVTK', 'IMDTAGQK']",0.99,2.1,4.91,1123372.7,2383155.1,5566205.7,9072733.5
Q12117,"['YNHVQTSTQK', 'APVASPRPAATPNLSK']",0.97,2.22,4.82,98943.0,226259.1,491763.9,816966.0
P53163,['GLLGLSLVEAK'],0.94,2.34,4.72,25110.0,62084.2,125510.9,212705.09999999998
P07244,"['TLGEGILEPTK', 'LAQSPTVGK', 'GVIIPSSIDESVQAIK', 'QFGEEAGK']",1.03,2.01,4.96,748671.0,1455373.7,3593013.1,5797057.800000001
P41338,"['FDNEIVPVTIK', 'TAVELGAVALK', 'DEEPARLHVEK', 'AIILGAQSIK']",1.06,2.07,4.87,487018.6,957327.9,2247753.6,3692100.1
P26637,"['NTNIPLPALQK', 'IEALEFADDAAK', 'LFSEQTLDDNK', 'VREHIEPK', 'REAELFGK']",1.06,2.09,4.85,570620.3,1126146.7,2618376.0,4315143.0
P36010,['SGPILATVWEGK'],0.91,1.64,5.46,29939.5,54110.5,180553.9,264603.9
P14306,['GSNTLIEYMGPAPPK'],0.93,1.94,5.13,19622.1,40727.0,107885.0,168234.1
O14455,['VTQMTPAPK'],0.97,1.95,5.07,445508.5,896640.3,2327912.5,3670061.3
P40043,['VQTVTTEDGETVK'],1.03,2.16,4.82,89870.4,188611.7,421578.8,700060.8999999999
P32353,['VLPASLAANIPVK'],0.97,0.89,6.14,5704.6,5276.9,36228.5,47210.0
P18239,"['IVAAEGVGSLFK', 'LLIQNQDEMLK', 'YAGILDCFK']",1.0,2.07,4.94,501253.5,1036488.2,2476556.8,4014298.5
P48570:Q12122,"['SAVEVIEFVK', 'FLRQYSHGK']",1.14,2.28,4.58,96654.0,193702.0,389614.6,679970.6
P07246,"['NMVSDIQEATK', 'SEVFSHVVK', 'GVIFYENK', 'IVGLSELPK', 'VYDLMEK']",1.08,2.12,4.8,875937.0,1721436.3,3898450.2,6495823.5
P40075,['QTSNSTPAPQNQIK'],0.85,2.55,4.6,17830.1,53645.8,96831.7,168307.59999999998
Q12306,['VSDGSSEIFFK'],1.01,2.01,4.98,95808.4,190684.7,472494.5,758987.6
P00358,['HIIVDGHK'],0.88,2.18,4.95,191458.0,475421.3,1081569.1,1748448.4000000001
P52910,"['APQHFYNSQPGK', 'VVYEAHNVK', 'VVITCDEGK', 'RVGEAEIAK', 'VSQIAGVLK']",1.04,2.13,4.83,973893.7,2001516.1,4524454.5,7499864.3
P54885,"['ANAHAIEEANK', 'LTEAIQCK', 'ETGLADSLLK', 'SGNAAILK']",0.99,2.08,4.93,394270.8,828075.5,1964377.9,3186724.2
P29547,"['SVDSAMDAVDK', 'VPAFVGPK']",0.95,2.04,5.01,204416.2,441800.2,1083847.8,1730064.2000000002
P01123,['LLLIGNSGVGK'],1.0,2.02,4.99,342817.4,691599.9,1710703.1,2745120.4000000004
P32582,"['LELYNPGGSIK', 'YADVFGNATVK', 'LIDVWYK', 'TDITDYK']",1.0,2.08,4.92,553456.1,1156080.7,2730240.2,4439777.0
P29453,"['NPLTHSTPK', 'EAAAIAEGK', 'MGVPYAIIK']",0.96,2.02,5.02,686871.9,1443864.5,3582389.2,5713125.6
Q12402,['DEIRASVNEASK'],0.91,2.14,4.95,62272.4,146628.6,339066.7,547967.7
P07280:P07281,"['LEVPGYVDIVK', 'SRGVRPYK', 'VLQALEK']",0.92,2.05,5.03,1222677.6,2720405.9,6673500.5,10616584.0
P33302,"['GIHIPQTPK', 'RGVLTEK']",0.96,2.09,4.95,143279.7,314008.0,742099.8,1199387.5
P41058,['ANDIGFHK'],1.17,1.95,4.89,81893.5,136612.2,343071.6,561577.3
P31412,"['VDNQIGASIGK', 'TNLAAAERK']",1.04,2.2,4.76,312282.9,661650.5,1431951.6,2405885.0
Q06252,['GVVRNNYIGPGPPK'],0.59,1.58,5.82,6140.1,16355.2,60164.9,82660.20000000001
P40327,"['GVILYGAPGTGK', 'ILGIHTSK', 'YEPPVQSK']",1.05,2.13,4.82,288222.8,584522.9,1325768.4,2198514.0999999996
Q12159,"['GGNAPRPVK', 'SLDEIIGSNK', 'VNVEGLPRDIK', 'SLADRIK', 'LLDTTREVK']",1.1,2.07,4.83,351838.7,660427.0,1543315.9,2555581.5999999996
P10659,"['SDEEIIDIISK', 'VIPRDMLDENTK', 'TQVTVEYK', 'IVRDTIK']",1.04,2.05,4.91,551959.8,1087996.9,2607482.1,4247438.8
Q12068,"['ETIDDTASQILK', 'GILHSIK']",0.93,1.91,5.17,151016.1,311582.5,843003.7,1305602.2999999998
P47160,['ALIELLSDDNK'],1.15,2.1,4.75,47210.2,85796.1,194049.4,327055.69999999995
P32590,"['AVYTHPSK', 'DQDFIPVK']",0.96,2.07,4.97,49618.8,107019.3,257487.9,414126.0
Q08977,"['SLESHQVAEK', 'DEYDILEGK']",0.87,2.13,5.01,82227.5,201975.6,475685.9,759889.0
Q05359,"['GTLFQATYK', 'ATIDILHAK']",1.17,2.29,4.54,216787.8,423918.8,838874.3,1479580.9
P21954,"['RGELDNTPALCK', 'LNLFLSTK', 'GGFIMALK']",1.1,1.96,4.94,187357.4,332854.4,838687.7,1358899.5
P28834,"['EGVYEAVESLK', 'SVTAVHK']",1.1,2.16,4.74,164453.3,323938.6,709224.0,1197615.9
P15703,['AALQTYLPK'],1.09,2.11,4.8,50284.2,97480.4,221312.9,369077.5
P54838,"['IVGAFAEEYSSK', 'VLDPIPSTEDLISK', 'FESELNEK']",1.05,2.0,4.95,392678.3,751092.8,1859688.7,3003459.8
P07213,"['GNQFFRNK', 'LQAITFAEAAK', 'RSPESYDK', 'VVEMSTK', 'LDPRSEQAK']",1.0,2.06,4.94,311650.1,639842.9,1532411.3,2483904.3
P0CX85:P0CX84,"['EQLASQLVDLK', 'FEASQVTEK', 'LSRPSLPK']",1.02,2.05,4.93,738642.4,1483436.6,3571439.8,5793518.8
P36139,['LQSVYIDPTK'],1.05,2.14,4.82,80166.9,163508.9,368851.1,612526.8999999999
P47912,['LVDVEDLGYFAK'],1.17,2.01,4.82,9715.5,16656.3,40055.2,66427.0
P39958,"['APLVIADPTYFPEK', 'LLGPIEEK']",0.97,2.11,4.92,270984.5,586752.4,1368102.3,2225839.2
P38682,['QLLNTANVDAK'],0.91,2.37,4.72,49760.6,129994.3,258433.0,438187.9
P47117,['FAQFVVENQEK'],0.97,1.94,5.09,77348.0,153902.9,403530.0,634780.9
Q01560,"['SFANQPLEVVYSK', 'AIEEVHGK']",0.9,2.04,5.06,78978.3,178685.6,442327.4,699991.3
P0CX82:P0CX83,"['RALVEHIIQAK', 'RLAASVVGVGK', 'HLYHVLYK', 'AVTVHSK']",1.38,1.89,4.73,649931.4,893774.3,2231006.5,3774712.2
P32463,['QISSDTQFHK'],0.6,2.33,5.07,6987.3,27182.1,59102.9,93272.3
P00931,"['INNALAQVLLAK', 'DVQSVAEVLPK', 'DEFFAFQK']",0.69,2.28,5.03,32003.4,105521.1,232514.1,370038.6
P35723,['NQPGNVAAAEASK'],0.95,2.01,5.05,65140.0,137886.3,346996.8,550023.1
P17505,['FANAVLSGFK'],0.93,2.08,4.99,101976.5,227518.4,546356.0,875850.9
P31373,['LVWIETPTNPTLK'],0.57,2.7,4.74,5808.0,27652.8,48547.9,82008.70000000001
P27810,['SVEDRFNSK'],1.09,2.42,4.49,34517.0,76603.1,142236.2,253356.30000000002
P35732,"['QIEQPSLSSK', 'TESPLENVAELK']",0.91,2.08,5.0,262714.8,598358.5,1437764.4,2298837.7
P04076,['LGLLTETELAK'],0.88,2.5,4.63,21485.9,60997.7,113055.3,195538.90000000002
P15625,"['VDTVTYDLTK', 'ITDFNVTK', 'LDELDEIK']",1.02,2.08,4.91,509912.8,1042957.3,2463669.0,4016539.1
P39683,['AITYSHAAK'],1.21,2.17,4.61,39660.5,71208.6,151133.4,262002.5
P54783,"['FLDAENDPEVFK', 'AALLSVGK']",1.08,2.31,4.6,129490.1,276264.9,550134.4,955889.4
P25373,['VLVLQLNDMK'],1.27,2.15,4.58,58438.2,98938.5,210771.7,368148.4
P38912,['YNLDEARTLK'],1.11,2.55,4.34,23298.4,53431.4,90784.8,167514.6
P40459,['GPFVSVLGLSEK'],0.44,2.09,5.47,4722.2,22537.1,58965.2,86224.5
P06738,"['IEDPEDPAASK', 'GALDDLGFK', 'QANPSLAK']",0.99,2.11,4.9,401310.9,855190.4,1984468.3,3240969.6
P38764,"['QLAYILAAQK', 'LIVDNDNWVYK']",0.81,2.3,4.89,84877.6,240620.3,512909.3,838407.2
P17555,"['SDGGNIYLSK', 'FLASFDNLK']",0.97,1.96,5.07,214598.7,434348.5,1121993.3,1770940.5
P0CX32:P0CX31,['SVGFGLVYNSVAEAK'],1.24,2.27,4.49,39988.1,73576.4,145288.1,258852.6
Q01939,['GVILYGPPGTGK'],1.03,1.93,5.04,78005.6,146215.3,380789.7,605010.6
P09938,['AAADALSDLEIK'],1.05,2.01,4.94,197075.2,377990.6,929047.5,1504113.3
P40347,['ANLENRFNK'],1.13,1.94,4.93,19691.2,33859.6,85917.1,139467.90000000002
P32558,['ALADVVQQDK'],1.1,2.07,4.83,256078.3,480779.6,1120763.5,1857621.4
P16120,['IYESSVNPK'],1.17,1.95,4.88,197494.9,329103.9,825606.4,1352205.2000000002
P47096,['VVDETDAEPK'],1.3,1.9,4.8,54452.4,79373.8,200235.5,334061.7
P47068,"['HNEVEEHVK', 'VVAQFPYK']",0.91,2.1,5.0,122377.7,283406.2,675226.5,1081010.4
Q04182,"['SISSNSHGFK', 'GTRVPQTPK']",0.94,1.93,5.13,59991.2,123001.9,327285.3,510278.39999999997
P40509,['FDELVRK'],0.85,2.68,4.47,18649.4,58805.8,98243.1,175698.30000000002
P37292,"['SGTPISFISK', 'WFAQELTK', 'YIDSAVK']",0.96,2.04,5.0,277314.6,589500.6,1445555.4,2312370.5999999996
P23644,['VACFLERK'],0.9,3.0,4.1,6699.6,22339.0,30583.8,59622.399999999994
P32449,"['HGVAAITTTK', 'DFRNQPK']",1.09,2.03,4.89,373094.1,695383.7,1678668.5,2747146.3
P32497,"['LLDEMQDVYNK', 'TIFVVEK', 'TYFFSFK', 'LAELFDLPENK']",1.01,2.03,4.96,319955.2,642088.0,1566363.7,2528406.9
Q12458,['IFTLPEDDFK'],0.98,2.11,4.91,59887.8,128193.6,298596.6,486678.0
P21243,['DCTVVISQK'],1.16,2.08,4.76,130983.1,234251.5,537396.2,902630.7999999999
Q04409,['GLNNTSVGEEK'],0.98,2.05,4.97,142635.9,299013.4,723494.2,1165143.5
Q12672,['HGAVHMSTYLK'],0.85,2.15,5.0,33511.6,84429.9,196908.5,314850.0
P38694,['DAFIVLDSAK'],0.95,1.8,5.25,28445.0,54258.2,157939.0,240642.2
P38715,"['AISEGLVSRK', 'TTPTLFENDVIK', 'DIFVVSK']",1.06,1.96,4.98,281583.9,521831.0,1322851.0,2126265.9
P38791,"['HIDELDDHEK', 'MLEEQDEYVK']",0.7,2.22,5.08,28916.3,91651.4,209609.5,330177.2
P05745,['VTSMTPAPK'],1.24,2.15,4.61,57829.7,100486.6,215002.7,373319.0
P00729,['YDEEFASQK'],0.94,2.1,4.95,164101.0,365445.9,861538.2,1391085.1
P49723,"['YHEIWAAYK', 'EIANLPEVK', 'DTEDFQK']",0.96,2.08,4.96,678870.7,1464588.1,3492959.4,5636418.199999999
P04801,"['MELSTRPEK', 'LMDAHLK', 'TYLVQTK', 'NATVSVEEVLK', 'FERLVMSK']",1.0,2.08,4.92,418833.5,866504.1,2052091.8,3337429.4000000004
Q01855,"['THSYRGVDLEK', 'LLEMSTEDFVK']",0.96,2.05,4.99,425812.5,903973.5,2202124.3,3531910.3
Q07551,['TAQDDSQPFFEYVK'],0.75,2.2,5.05,18439.6,53845.3,123579.2,195864.09999999998
P23638,['VDDAIELALK'],0.9,2.12,4.97,65021.2,152670.7,357511.5,575203.4
P09436,"['AVADWPVLGK', 'GQVYRGFK', 'DVPDFEGVYVK', 'GSDLVGLK', 'DTIDFEAIVK']",1.0,2.19,4.81,390350.5,852352.4,1877081.4,3119784.3
P43555,"['ILANDINALETK', 'DFLSINQK']",0.91,2.17,4.93,99562.4,238081.3,541526.2,879169.8999999999
P22515,"['IDHTIAWAK', 'QLLFNFPK', 'GGIFTEVK', 'TDIEQYK', 'NFPRNEK']",1.04,2.03,4.93,908204.0,1774315.3,4302219.0,6984738.3
Q05016,['DIDILVNNAGK'],1.04,2.34,4.62,13782.7,31004.6,61199.0,105986.3
P38077,['MDEAEQLFYK'],0.78,2.23,4.99,16432.8,47207.0,105712.2,169352.0
Q05905,['SEFLLSYGK'],1.02,2.22,4.76,72249.4,156617.9,335991.3,564858.6
P0CX36:P0CX35,['AILMQRHVK'],1.11,1.96,4.93,24072.8,42507.0,107076.5,173656.3
Q03219,['VVDTNSTFFAK'],0.85,1.92,5.23,42984.6,96903.5,264339.5,404227.6
P38249,"['GHVYIDPNEAK', 'EEIANAERQK', 'QREIEEAAAK', 'QQLENLLVK', 'RADELISVGEK', 'FIDLVESK', 'SLDLDTIK', 'QVIIAEVSK']",1.01,2.07,4.92,667498.2,1376040.4,3266462.4,5310001.0
P11745,['ALFHLAQNK'],0.94,2.05,5.01,60269.8,131492.6,320555.3,512317.7
Q12377,"['LATLHYQK', 'IIGLDTQQVEGK']",1.18,2.04,4.78,106193.9,183760.8,430232.9,720187.6
P27472,['NNSFTVEALK'],0.98,2.07,4.95,93337.7,196200.2,468727.3,758265.2
P16550,"['LLCALDNEESDK', 'FIQTETTK']",1.0,2.03,4.97,564283.6,1149885.7,2812203.2,4526372.5
P02294:P02293,"['HAVSEGTRAVTK', 'QTHPDTGISQK', 'ETYSSYIYK']",0.95,2.01,5.04,1421623.6,3025351.7,7568773.9,12015749.200000001
P02309,['TVTSLDVVYALK'],0.89,2.16,4.95,11432.5,27621.8,63269.6,102323.9
P42941,['ANLLEVDTDGK'],1.18,2.36,4.46,70712.4,140700.5,266059.8,477472.69999999995
P48589,"['QLGEWAGLGK', 'VVGASVVVVK']",0.92,2.02,5.06,505036.9,1107076.1,2772633.2,4384746.2
P38773:P38774,['YVVFEDAPVGIK'],0.29,1.8,5.91,3490.7,21389.5,70297.8,95178.0
P46680,['HEFGSQPK'],0.87,1.89,5.24,43764.7,94701.9,263011.7,401478.3
P32485,['TVEPDAVDLLEK'],0.93,1.89,5.18,28347.2,57691.8,158309.9,244348.9
P38845,['RESTEGVLDGSK'],0.82,1.66,5.52,37232.9,75417.0,250561.5,363211.4
P24000,['VEVDSFSGAK'],1.0,2.07,4.92,466482.6,962849.8,2285355.2,3714687.6
P06634,"['VLYVENQDK', 'ISLANVK']",1.02,2.05,4.93,471677.0,950218.7,2288512.1,3710407.8
P20606,['LLFLGLDNAGK'],0.83,2.55,4.62,33128.6,102215.5,184942.0,320286.1
Q12018,['ELVPSHEK'],1.24,2.36,4.4,15095.1,28721.9,53463.0,97280.0
P08524,"['ISQVDESRGFK', 'ADVLTAFLNK', 'TLDENYGK', 'CSWVINK']",1.01,2.13,4.85,431160.4,906945.2,2062661.8,3400767.4000000004
P33333,"['GAFHLAQQGK', 'VVGEENLAK']",1.21,1.91,4.88,254189.0,399650.7,1021093.3,1674933.0
P12695,"['AQPAEPQAEK', 'LRQSLNATANDK', 'ADIESYLEK', 'ILVPEGTK', 'AITVAAK', 'ADVPAFK']",0.93,2.02,5.05,570260.2,1237113.0,3101855.6,4909228.8
P15731,"['DQWSPALTLSK', 'YEATAREWTK']",0.85,2.08,5.07,58901.4,143180.1,349893.6,551975.1
P53981,"['VFEGVLDDTK', 'DLVTYCK', 'ECDLLFAK', 'DILASMK']",0.91,2.05,5.04,922763.3,2070053.3,5086161.5,8078978.1
P49167,['LIQSLPPTLK'],0.99,2.01,5.0,683612.1,1379928.1,3435227.2,5498767.4
P39714,['LGVEVFNPSK'],0.9,1.87,5.23,106198.4,219980.8,615274.3,941453.5
P53598,"['VIFQGFTGK', 'AEIEAAQFLK']",0.92,2.16,4.92,198554.2,466185.6,1063508.1,1728247.9000000001
Q12329,['IEDRVGIDEK'],0.96,2.21,4.82,27349.5,62812.1,136866.1,227027.7
P29311,['ATNASLEAYK'],1.09,2.27,4.64,249623.3,516677.0,1058065.0,1824365.3
P00445,"['GDAGVSGVVK', 'GDTEESLK']",1.02,2.08,4.9,676654.6,1384607.5,3254225.2,5315487.300000001
P40024,"['QQEEIQHIK', 'RIEDLVEK']",1.01,2.01,4.98,230074.6,457548.2,1131795.1,1819417.9000000001
P40414,"['LESQLSDTK', 'NEQLDSEVEK']",1.11,2.08,4.82,305663.8,573120.9,1329891.3,2208676.0
P14906,"['ILQTPIIIEK', 'EFNEEVFK']",0.85,2.0,5.15,94387.3,222947.9,573413.4,890748.6000000001
P28241,['GPLATPIGK'],0.92,2.19,4.9,354039.3,845418.6,1890937.6,3090395.5
P38708,"['FLNNFEDSQK', 'LIGITVDK']",0.93,2.08,4.99,302187.8,676958.0,1620179.0,2599324.8
Q03973,"['IERDPNAPK', 'DSLVSSLFELSK']",1.24,2.12,4.64,25049.7,42611.9,93371.7,161033.3
P41810,['VSEHLLPDAK'],1.22,1.85,4.93,19907.0,30176.8,80231.7,130315.5
P0CX54:P0CX53,['IGPLGLSPK'],1.02,2.08,4.9,264092.6,536987.1,1268329.9,2069409.5999999999
P32366,['SDLLPNIGK'],0.95,2.08,4.97,81746.5,179871.5,429289.6,690907.6
P07560,"['ILLIGDSGVGK', 'ELGIPFIESSAK']",1.01,1.96,5.04,267003.0,518495.1,1334186.5,2119684.6
P15496,['GAITAAVRK'],0.54,1.78,5.68,5560.3,18417.8,58806.7,82784.79999999999
P39713,['DIVVSEPAK'],1.07,1.9,5.03,78419.5,139404.2,368354.2,586177.9
P19414,"['TTTDHISMAGPWLK', 'DAAAHGLK', 'LAGITTVK', 'YNMGFWK', 'DMPILIK']",1.02,2.01,4.98,835652.3,1648871.6,4093983.3,6578507.2
Q12305,['ELIFYCASGK'],0.99,1.93,5.08,101242.7,196908.0,519672.5,817823.2
P17709,"['GFRIADTVGK', 'YHPDELAK', 'YDVVIDQK']",1.03,2.12,4.85,1059026.7,2183013.5,4989052.2,8231092.4
P13663,"['ILAPLAEDK', 'LGCHSAPK', 'EYVCDAYK', 'YVDAVNWK', 'LLTPEEIK']",0.98,2.07,4.95,840568.4,1772909.6,4244180.4,6857658.4
P38804,['AQVENEFGK'],0.99,1.93,5.08,429984.8,836793.8,2198634.5,3465413.1
P04449,['VEIDSFSGAK'],1.15,2.09,4.76,476273.5,867408.9,1969758.8,3313441.2
P40212,['VHFDQAGK'],0.96,2.04,5.0,733600.0,1557865.1,3818009.9,6109475.0
P47075,"['ENYDELVVK', 'YTVDQVFAK', 'IRNAENPISK', 'TELEDNLSK']",0.99,2.03,4.99,498797.2,1022894.8,2518004.1,4039696.1
P11412,"['SRVLPHLK', 'AVASGVFK']",1.15,1.91,4.94,427355.7,710589.1,1834540.7,2972485.5
Q02776,['VIIIDTDPNSYK'],0.84,2.4,4.76,17245.7,49235.8,97473.2,163954.7
P53252,['IALIAGYGK'],0.99,2.01,5.0,317371.2,646483.9,1606575.1,2570430.2
P0C2H8:P0C2H9,['RLHGVSFK'],0.91,2.19,4.9,270849.2,655944.1,1466836.1,2393629.4000000004
P22147,"['DAMNLLDGIK', 'HEYYHDK', 'LVSLTDGK']",1.05,2.05,4.9,445120.8,869159.3,2081771.7,3396051.8
P09733,['DLFHPEQLISGK'],0.76,2.3,4.94,11086.5,33519.3,71844.6,116450.40000000001
P40217,['EFIILGGGQEAK'],1.07,2.25,4.68,38064.7,80038.1,166117.7,284220.5
P38986,"['DINEDILYK', 'ILGTGGTIASK']",0.92,2.01,5.07,231907.4,505598.8,1273899.6,2011405.8
Q06494,['FIPIPSGSSISK'],0.99,1.8,5.21,45274.5,82181.3,237796.9,365252.7
P0C0W1:Q3E7Y3,"['CGVISPRFNVK', 'FLQVMQK']",1.12,2.07,4.81,841085.1,1546399.0,3596943.5,5984427.6
P07991,['GAHVWDPEGK'],0.99,1.91,5.09,69760.1,134404.4,358029.8,562194.3
P48015,"['LLVQVRNK', 'DVLEPLLSK', 'FYPIELAK', 'LSGPHSVK']",1.06,2.05,4.89,195668.1,380312.3,905724.5,1481704.9
P39730,"['ERQTLILGK', 'APFVVALNK', 'RTTQENASEAIK']",1.04,2.12,4.84,424304.0,868645.9,1984597.1,3277547.0
P25719,['FADENFVK'],1.01,2.02,4.97,245696.2,494733.9,1214107.1,1954537.2000000002
P80210,"['YEDLPENAK', 'LVDLLVGK', 'VLPGWDQDITK', 'LDVLDTFK', 'GIGPTYSTK']",0.98,2.08,4.93,667355.2,1410880.5,3345765.9,5424001.6
P38625,"['VIDDSNSLFK', 'LHGLPTGYK', 'REYGPATLK']",0.98,2.15,4.87,460944.8,1009575.9,2290239.3,3760760.0
P32288,"['EMRQPGGMK', 'YIEQAIEK']",0.96,2.0,5.03,662972.5,1376075.1,3459468.4,5498516.0
P39517,"['GNTFEDFYLK', 'TAAFVIPTLEK']",1.21,1.91,4.88,50929.7,80474.8,205430.1,336834.6
P31116,"['AALAASTTK', 'GSDNVISIK', 'SVSVGIEK', 'VLRFIGK']",0.91,2.07,5.01,847698.7,1925001.0,4656903.9,7429603.600000001
P40302,"['RNADELSSYQK', 'IDGNPDELIK', 'DTPFTIYDGEAVAK']",1.1,2.16,4.75,273208.9,535641.2,1179401.2,1988251.2999999998
P17536,"['LEAESWQEK', 'LEAELAESK', 'NHQLEEEIEK']",1.08,2.1,4.82,1365517.6,2671454.3,6122653.9,10159625.8
P51996:P38555,['IVLIGDSGVGK'],1.1,2.03,4.86,417044.5,768257.3,1837954.8,3023256.6
P38626,"['AIAMDPHDTTK', 'GNFELLVK']",1.1,2.45,4.46,40243.8,89837.9,163840.9,293922.6
P05373,['TFVLSYAAK'],0.9,2.22,4.88,52507.3,128760.6,283232.1,464500.0
P32379,['LGSTAIGIATK'],0.83,2.32,4.85,115802.6,323816.8,676712.3,1116331.7000000002
P21827,['ARAVPLPTK'],0.82,2.13,5.05,22850.1,59730.2,141409.8,223990.09999999998
P32445,['GTTLSLVQK'],1.13,1.85,5.02,251665.7,413319.5,1117658.6,1782643.8
P30822,"['LISLVYDNK', 'LVETYISK', 'FIALSILDK']",0.97,2.13,4.91,221196.1,486847.0,1122764.9,1830808.0
P40825,"['HNDLEDVGK', 'FIDISPNAK', 'ETLGNDVDQK', 'GIDGSALAK', 'EIPLDLAK']",1.05,2.03,4.92,650603.9,1257454.8,3053325.6,4961384.300000001
P20459,"['GIEQLESAIEK', 'FQIPLEELYK']",1.22,2.31,4.48,76362.0,144529.2,280540.2,501431.4
P26783,"['GSSTSYAIK', 'WSFEEVEVK', 'DELERVAK']",0.88,2.12,5.0,377722.2,912095.6,2153492.0,3443309.8
P37262,['ILDLIDTAK'],1.0,2.19,4.81,67629.3,148697.7,326808.7,543135.7
P25567,['DGFAPLSLISK'],0.37,2.54,5.09,4212.5,29041.6,58047.9,91302.0
Q12460,"['LVPDNYTFAK', 'AILDLNLPK']",0.95,2.11,4.93,266899.2,591259.1,1378402.0,2236560.3
P25340,"['GQPLSHLK', 'LQVQGEEK']",0.9,1.75,5.34,318411.8,618193.1,1883828.6,2820433.5
P21264,"['DRPLYAEK', 'LLAENAIK']",0.92,1.94,5.13,421221.9,885109.4,2337918.3,3644249.5999999996
P17255,"['SDSSREVPELLK', 'FFEPSRGEK', 'TVISQSLSK', 'LNLCAEYK', 'LADSTGDVK', 'WQFTPGK', 'YTNVLNK', 'ILEVEFDGK']",0.98,2.09,4.93,1982680.1,4213383.3,9958963.3,16155026.700000001
P30657,['VVDRESDIPK'],0.78,2.51,4.71,23344.4,75317.4,141526.9,240188.69999999998
P12945,['AVEVASLFTK'],1.0,1.83,5.17,37269.6,68410.4,192829.0,298509.0
Q01662,['DGLEGAYDPFPK'],0.39,2.75,4.86,3258.7,23131.6,40898.2,67288.5
P53278,['AIEEQTRQK'],2.05,2.24,3.7,12480.6,13638.1,22520.7,48639.4
P32476,['DVQPFIPK'],0.53,2.6,4.87,6074.8,29920.8,56088.7,92084.29999999999
P29704,['LAVQDPNFLK'],0.94,2.33,4.73,60129.1,148489.0,302117.9,510736.0
P06103,"['EDIIAGFK', 'ALTSLFSK']",1.11,2.05,4.84,345523.4,637628.7,1502517.7,2485669.8
Q99260,['IVFLGEQGVGK'],0.88,1.73,5.4,67614.4,132873.9,415517.0,616005.3
Q12154,"['EYNPITDGK', 'WIFVGGK']",1.0,2.06,4.94,445243.4,918996.6,2206624.9,3570864.9
P39079,['GFVIINQK'],0.96,2.04,5.01,74472.7,158361.8,389531.6,622366.1
Q04432,['TGRPLIEGK'],0.79,2.05,5.16,33123.1,86245.0,217261.9,336630.0
Q99190,"['ISANNHNISK', 'GLRDTEIDLSK']",1.12,2.01,4.87,109849.0,197666.6,478013.4,785529.0
P19358,['SDDEIIEIIK'],1.46,2.08,4.46,21324.6,30411.6,65324.0,117060.2
P41921,"['LSNRLFGPEK', 'IVCAGPNEK']",0.99,2.11,4.9,282252.1,599099.0,1391586.5,2272937.6
O94742,['AELDRYK'],0.33,2.2,5.47,6071.9,40552.6,100924.3,147548.8
P40581,"['SGMLGLRGIK', 'IDVNGGNEDPVYK', 'ELEALYK']",1.06,2.03,4.91,351014.6,668697.2,1617788.6,2637500.4
Q02753,['HGAVHLSTYLK'],0.99,1.87,5.14,23497.1,44211.2,121694.9,189403.19999999998
P40016,['FITSNHK'],1.42,2.2,4.39,21642.4,33523.9,66937.7,122104.0
P00447,['MIAIQQNIK'],0.92,2.29,4.79,165445.3,413601.3,863363.4,1442410.0
P38886,['ILAGLHDTQIEGK'],1.04,2.18,4.78,35808.1,75198.7,164556.6,275563.4
Q12464,['VLAGDVISIDK'],0.86,1.92,5.22,82741.9,184337.7,500823.1,767902.7
Q12447,"['IIAENTNVAK', 'LSNQEIGNK']",0.94,2.02,5.04,514452.3,1097941.1,2746227.7,4358621.100000001
P32457,['CNLIPVIAK'],0.75,2.01,5.24,15055.5,40216.3,105022.7,160294.5
P08566,['VVILESIGK'],1.05,2.15,4.8,113047.9,232164.8,517497.1,862709.7999999999
P32614,"['VVDIHEK', 'ASSIGGNSIK']",1.09,2.2,4.71,141104.4,283614.0,607062.9,1031781.3
P25574,['LELPQGFNK'],0.83,2.19,4.98,69739.4,182825.5,416531.0,669095.9
P35719,['HDVTDFDSK'],1.0,2.21,4.79,652797.4,1438352.8,3116324.0,5207474.2
P39077,"['LIQASIGTK', 'ALTDALEVIK']",0.99,2.1,4.91,343847.1,726388.3,1701551.0,2771786.4
P32610,['GANQGYSLLK'],1.06,1.93,5.01,186986.2,338577.0,880203.2,1405766.4
P14742,['GSPLLIGVK'],0.85,2.05,5.1,67072.4,161017.2,401560.0,629649.6
P38115,['REDLFITTK'],0.77,2.14,5.09,103939.2,288464.9,684783.6,1077187.7
P38199,['TNIVVERK'],0.72,2.23,5.04,5007.3,15487.9,34969.9,55465.100000000006
P53090,"['RDCAIDALYK', 'QDHDEFLK']",1.03,2.09,4.89,206214.3,419164.7,982818.6,1608197.6
P22336,['ALLRNQAASK'],1.02,2.32,4.66,29557.4,67593.8,135623.6,232774.80000000002
P0CX27:P0CX28,"['ASLFAQGK', 'VVLRLECVK', 'TRAQLTLK', 'HFELGGEK']",0.93,2.1,4.97,4536084.5,10286292.2,24375397.3,39197774.0
Q03102,['VIAIAGGPEK'],0.97,2.06,4.97,164173.3,346289.5,837541.1,1348003.9
P23248,['VVDPFTRK'],1.4,2.43,4.18,100288.9,174117.0,299675.1,574081.0
Q03104,"['MFLDARGIK', 'ENIYRTSEK', 'RESSPFLTK', 'SFGVPVK', 'RYLHNVK']",1.0,2.14,4.87,302318.3,648327.8,1476387.7,2427033.8
P26321,"['TDYYQRK', 'LGLDETYK', 'RLVTQHK']",0.99,2.2,4.81,1510386.4,3372163.1,7370798.7,12253348.2
P15891,['IDPSSDIANLK'],1.35,1.97,4.69,153355.6,223532.7,533026.9,909915.2000000001
P00359,['HIIVDGK'],0.92,2.04,5.03,28717173.7,63526575.1,156396366.2,248640115.0
P53551,['ASSPSSLTYK'],1.07,1.96,4.97,87794.5,160788.8,407397.9,655981.2
P47079,"['VLVMATEQQK', 'IIVNHLGK']",1.31,1.98,4.71,151603.0,228736.4,543312.1,923651.5
Q04371,"['GDLNYRK', 'IVVNDTEK']",0.94,2.06,5.01,243739.0,535347.6,1303190.5,2082277.1
Q03640,"['YLLLNTLEQK', 'LISGHGLK', 'VGGNLPQK']",0.93,2.19,4.87,162182.1,380876.4,846247.3,1389305.8
P05759,"['DRLYCGK', 'LAVLSYYK']",0.94,2.19,4.87,1285599.4,3015701.7,6696088.4,10997389.5
P49089,"['TVYFASELK', 'FDALFPQK']",1.0,2.28,4.72,145439.5,330531.8,685907.3,1161878.6
P40303,"['LQDTRITPSK', 'RGTCAVGVK']",0.88,2.08,5.04,70805.9,168467.6,407904.9,647178.4
P11154,"['VVEVAPAK', 'LQAVGDLNK', 'GQIGLPK']",0.99,2.16,4.85,756419.2,1650173.6,3699417.7,6106010.5
P16387,"['ATLLQMYK', 'RGQYIPGLK', 'DWCLSGK']",1.12,1.98,4.91,523781.9,925875.5,2300376.7,3750034.1
P15454,['DYNFVSVDEFK'],1.75,1.6,4.65,11581.1,10610.6,30762.9,52954.600000000006
P39940,['LVAAESLYK'],1.06,2.04,4.9,139317.6,268170.2,643422.9,1050910.7000000002
P32263,"['SGAHPSVLK', 'LGIPLQESK']",0.94,2.0,5.05,498576.8,1062608.4,2678709.1,4239894.3
P42943,['FVWEPALVK'],1.27,2.09,4.64,21527.9,35462.7,78694.0,135684.6
P33767,['DLEQRNYK'],0.83,1.95,5.22,33970.4,79838.1,214231.1,328039.6
P03965,['DLLQRAK'],0.92,2.04,5.04,13980.7,30882.2,76327.8,121190.70000000001
Q06103,"['EAAEFVLAK', 'VSIEQRK', 'AFLLTQSK']",0.98,2.07,4.95,313994.7,662058.2,1585245.5,2561298.4
P32473,['THYMSGGTQK'],0.72,2.48,4.81,28227.4,97660.6,189371.1,315259.1
P09232,"['LIHYSTK', 'NANVVAVK', 'GVEYAAK']",0.9,2.12,4.98,543097.7,1275552.1,2992411.2,4811061.0
P53860,['LVFDEPFVK'],0.71,2.25,5.03,16403.7,51858.9,115918.1,184180.7
P41805,"['IRIYDLGK', 'DDGAFVK']",1.03,2.17,4.8,612335.3,1286955.2,2844540.2,4743830.7
P33331,['LVSLPFQK'],1.02,2.21,4.77,230525.3,500304.1,1081634.6,1812464.0
Q03195,['ILQLENVLK'],0.97,2.02,5.01,32544.7,67960.8,168589.0,269094.5
Q03690,"['FGIQLLNK', 'IVYDADFDSVLEK']",1.03,1.86,5.1,63787.7,115062.4,315107.1,493957.19999999995
P23639,"['LGQIDYALTAVK', 'LLVSEVAK']",1.05,2.01,4.94,310497.6,593199.5,1462656.3,2366353.4
P15180,['EITGSYIIK'],0.98,2.0,5.02,104715.1,213712.2,536082.9,854510.2000000001
Q08971,"['FFTIFEK', 'LLTSVPGSK', 'FTEEELK']",1.01,2.02,4.97,551793.8,1102362.8,2719980.8,4374137.4
P15646,"['DQGGVVISIK', 'RISVEEPSK', 'EDLLVTK']",0.97,2.14,4.88,932374.1,2057229.8,4686132.7,7675736.6
P16603,['YFNIADALK'],1.43,2.03,4.55,82262.4,116810.9,262146.8,461220.1
Q06177,['WTVHEAK'],0.98,2.08,4.94,51409.6,109326.3,259243.7,419979.6
P38071,['IDTISDFIK'],0.91,1.97,5.13,63312.5,137280.3,357939.4,558532.2
Q04062,"['AQFQELDSK', 'DFDESLK']",0.99,1.89,5.12,199886.4,381185.3,1030909.1,1611980.7999999998
P16861,"['EEVAPYK', 'IGDILSGRLK', 'AQSQGALLK', 'DALIELGLDTK', 'FIEQWNK']",1.01,2.07,4.92,1028750.6,2106441.1,5000612.8,8135804.5
Q07914,['GGSPFLATK'],1.02,2.2,4.78,70990.1,153204.8,333478.4,557673.3
P40513,['FSLVETPGK'],1.0,2.13,4.87,109683.2,232567.9,531171.1,873422.2
P40413,"['TSLGPRGLDK', 'RQHGLEAK']",0.96,2.36,4.68,40121.8,98113.7,195053.6,333289.1
P32356:P35172,['LEVEYLPK'],1.1,1.76,5.14,37678.3,60693.7,176785.7,275157.7
P40893,"['SVFQEAGK', 'VTLETDEK']",1.02,2.07,4.91,754998.6,1540554.4,3648987.5,5944540.5
Q05050,['TNFQYGVK'],0.91,1.93,5.16,87659.6,185067.7,496159.3,768886.6000000001
Q08745:P46784,['ALQSLTSK'],1.05,2.17,4.78,2095504.2,4348922.5,9567780.0,16012206.7
P39935,['AVIEQIFLK'],1.06,1.79,5.15,25090.4,42635.9,122486.3,190212.6
P31383,['FLNDPSIILNK'],0.97,1.93,5.1,16224.1,32147.5,85086.6,133458.2
P53075,['DLSEITDEIEK'],1.27,2.35,4.38,14493.7,26902.2,50103.7,91499.6
P05453,"['DLGTIVEGK', 'IESGHIK']",1.02,2.02,4.96,213757.2,421327.6,1033781.5,1668866.3
Q05584,['VTIIPENLK'],0.91,2.02,5.07,57388.7,127666.2,320556.4,505611.30000000005
P00899,['ESFLLESAK'],1.04,1.98,4.98,111855.4,213214.1,535176.1,860245.6
P49573,['VAISENNQK'],0.98,2.26,4.76,131137.6,301443.0,634203.4,1066784.0
P39931,['EEYLQFAK'],1.14,2.09,4.77,88766.4,162006.2,370003.0,620775.6
P25608:P53912:P54007,['IIVVASRK'],1.21,2.02,4.77,19764.1,32842.8,77630.6,130237.5
P41807,"['FFQEDPK', 'ALESILVK']",0.96,1.92,5.12,286881.7,576612.5,1537277.5,2400771.7
Q04869,"['VIAAFNRHK', 'VADIPENK']",1.0,2.09,4.91,238718.6,501263.0,1174791.1,1914772.7000000002
Q05022,['FAQLEFAK'],0.99,2.06,4.94,88247.1,183168.6,439174.7,710590.4
P25349,['TFYETAK'],0.96,2.33,4.72,421205.1,1025246.8,2080324.5,3526776.4
P00431,"['FLEPIHK', 'DAPSPFIFK']",0.88,2.03,5.09,20974.7,48225.2,121270.8,190470.7
P00958,"['DINEILSNYVK', 'VSNYDGLVK']",1.1,1.9,5.0,202653.9,349167.0,920220.5,1472041.4
P10869,['LSIVSLVGK'],0.73,2.21,5.06,15721.6,47695.2,109279.0,172695.8
P22517,['DAFVQIVK'],1.31,1.92,4.77,37238.1,54352.3,134993.8,226584.19999999998
P13188,['LVPGIFADVK'],0.96,2.28,4.77,27858.3,66265.9,138690.0,232814.2
P34216,['TVEEQHAQLQAK'],0.85,1.93,5.22,5626.6,12874.4,34762.2,53263.2
P32563,['AIFEILNK'],0.95,2.16,4.89,88212.3,200946.9,454809.6,743968.8
P36421,['EFQEASEK'],0.92,2.1,4.98,200437.5,459781.6,1090630.2,1750849.2999999998
P32496,['ALLFFNNEK'],0.9,2.3,4.8,14823.3,37915.9,78947.7,131686.9
P32521,"['TAEERAAYLK', 'IFETFDTQNK']",0.82,2.16,5.02,56388.7,147750.1,343828.2,547967.0
Q03048,['MVYASSK'],1.07,1.93,5.0,800933.8,1452776.5,3755888.5,6009598.8
Q12335,['TFYETVAK'],0.95,2.13,4.92,223141.5,498126.7,1149953.2,1871221.4
P32790,['HTESTASGIIK'],0.85,2.38,4.77,44066.6,122802.4,246761.7,413630.7
P53221:P05743,['FAVQVDK'],0.85,2.07,5.09,3866051.2,9461535.0,23267030.0,36594616.2
P46669,['ILDADPLSK'],1.0,2.21,4.79,90183.2,198701.8,431270.5,720155.5
P89886,['FDELIPSLK'],1.11,2.18,4.7,29192.2,57169.1,123091.8,209453.1
P23615,"['VLIVDNQK', 'IVDNPFDK']",1.1,1.98,4.91,316901.4,570149.6,1412855.0,2299906.0
Q08954,['EALFILQK'],0.86,2.18,4.96,18646.2,47133.8,107395.1,173175.1
P34160,['ILDYTHK'],0.49,2.57,4.95,5813.1,30778.5,59247.0,95838.6
P07347,['LVGYVLVK'],0.93,1.8,5.27,26444.3,51043.8,149430.7,226918.80000000002
P53301,['VIVTDYSTGK'],1.1,2.23,4.68,274595.2,558104.4,1172838.2,2005537.8
P25296,['LDRDSSGSIDK'],1.07,1.92,5.01,29590.1,53087.7,138365.0,221042.8
P32419,['SLVFQLDK'],1.15,2.13,4.72,64042.6,118578.4,263462.0,446083.0
P32565,['LNPQVADINK'],0.96,2.13,4.9,45211.2,100113.5,229923.7,375248.4
P09440,['LLEEAHVK'],0.65,4.64,2.71,5856.5,41984.5,24534.3,72375.3
Q04373,['DCISDLVLK'],0.82,2.81,4.37,11246.1,38534.7,59933.3,109714.1
Q06218,['LLDLLQTK'],1.17,2.33,4.5,46472.6,92271.6,178410.1,317154.30000000005
P36027,['VVTAYRANK'],2.26,2.9,2.83,3024.3,3884.1,3791.2,10699.599999999999
P40495,"['ATGTRVADATK', 'ALPDETVK']",0.97,2.05,4.98,330845.7,701732.4,1704645.2,2737223.3
P53723,['NAHEILTK'],1.06,2.07,4.87,123738.0,240425.3,565658.1,929821.3999999999
Q3E841,['AGHFIVYFTPK'],0.48,2.41,5.12,3935.0,19764.3,42021.3,65720.6
P38620:P38689:P38063,['SRAPITAK'],1.06,2.36,4.58,72688.4,161796.8,314707.2,549192.4
Q00055,['GFEVGAK'],0.97,2.1,4.92,519821.8,1125151.6,2634135.2,4279108.600000001
P52870,['NTNSNNSILK'],1.18,1.95,4.87,114265.0,188222.6,470040.1,772527.7
P38624,"['EETVDFIK', 'HSLSQAIK']",1.0,2.09,4.91,309270.9,644454.3,1514261.1,2467986.3000000003
P10081,['VEELTTK'],0.93,1.97,5.09,436925.8,922509.7,2379345.5,3738781.0
Q04178,['NRYFAAK'],1.14,2.16,4.69,86441.6,163652.9,354836.7,604931.2
P47176,['TLAPLDASK'],1.02,2.04,4.94,237098.2,476866.8,1153269.5,1867234.5
P07342,['AADLINLAK'],0.88,2.2,4.92,74688.3,185382.6,415136.6,675207.5
P39743,['DEERLYK'],1.09,2.15,4.76,101467.5,200664.3,443243.5,745375.3
P33892,"['AYLALFK', 'LLLLEGEK']",1.02,2.1,4.89,228904.5,473056.3,1101347.8,1803308.6
Q12046,['TLYVGGIDGALNSK'],0.79,2.57,4.65,14843.0,48534.3,87787.2,151164.5
P36081,['YTELPSYK'],1.08,2.12,4.79,140598.4,275535.3,621937.2,1038070.8999999999
P17695,"['TYCPYCK', 'EVFVAAK']",1.01,2.06,4.94,504450.8,1030391.4,2474163.5,4009005.7
P32377,['DFATFAK'],1.06,1.96,4.97,121415.5,224151.9,567202.9,912770.3
P02829,"['FYSAFSK', 'EILGDQVEK']",1.07,2.06,4.87,794264.7,1528819.7,3606884.4,5929968.8
P00937,['AVAAEQALK'],0.95,1.94,5.11,95273.4,194715.6,513468.9,803457.9
P39107,['LHSTSEAAVNK'],0.71,1.85,5.44,14703.5,38500.0,113090.9,166294.4
Q06685,['VLANALEK'],1.01,2.26,4.73,101652.0,227633.2,475138.4,804423.6000000001
P38075,['NREELDELTQK'],1.48,1.71,4.81,25348.5,29404.7,82648.5,137401.7
P06782,"['FLSPGAAGLIK', 'LAYHTTTGQK']",1.01,2.11,4.88,69869.6,146474.4,337814.9,554158.9
Q04697,['ILEEYDGDIGK'],0.94,2.32,4.74,146852.3,363080.6,740682.8,1250615.7
P46969,['VETLRAK'],2.54,1.33,4.13,13950.8,7329.3,22712.7,43992.8
P40040,['RNLSVGGLK'],0.83,2.29,4.88,92868.6,258140.3,549273.1,900282.0
P36154,['DLFNDVLNK'],0.92,2.12,4.96,16823.9,38760.0,90771.8,146355.7
P50085,['SAELIGEAIK'],1.12,2.05,4.83,76945.0,141347.6,333454.3,551746.9
P32499,['FSLPFEQK'],1.07,2.2,4.73,54909.9,113167.1,243659.2,411736.2
Q08193,['LTDFENLK'],0.98,2.15,4.87,308056.9,676373.3,1527936.8,2512367.0
Q07648,['ELYEEFLK'],1.07,1.92,5.01,38335.8,69045.8,179928.9,287310.5
P53731,['SILLLSVK'],1.0,2.04,4.96,25547.1,52292.4,127113.8,204953.3
Q04792,['NFENIAGK'],0.86,1.98,5.17,68773.6,158684.1,414861.7,642319.4
P15873,['FEEASLFK'],1.12,2.02,4.85,192127.5,345683.3,828727.5,1366538.3
P32588,"['AITEDILK', 'QYFQVGGPIANIK']",1.16,2.01,4.82,376873.2,651548.1,1561254.9,2589676.2
P43603:P32793,['GDVITILK'],0.96,2.01,5.03,137048.6,287990.3,719384.5,1144423.4
P43621,['THPNIDK'],1.15,1.96,4.89,88774.7,150995.8,377096.8,616867.3
P47154,['IFVIDGSK'],1.09,2.14,4.77,269311.9,528271.9,1177180.0,1974763.8
P38221,['LQEELHK'],1.1,1.98,4.92,110907.4,199269.1,494942.2,805118.7
P40202,['SLNHPENEPSSVK'],0.59,2.17,5.24,3976.2,14609.7,35228.6,53814.5
P14020,['IALELLAK'],1.16,2.17,4.67,77277.4,145278.5,311909.0,534464.9
P38325,['YYSRYDK'],1.1,1.77,5.13,13900.4,22382.6,65004.4,101287.4
Q03940,['LLFLDAK'],1.05,2.39,4.56,45612.7,103583.1,197922.0,347117.8
P38837,['GDIVSFLK'],2.09,1.96,3.95,65544.9,61451.4,123880.0,250876.3
P48606,['EDLEQFLK'],1.03,1.97,5.0,59134.0,112834.5,286497.1,458465.6
P46971,['DSPLSVDSK'],0.95,2.14,4.91,249054.8,562710.9,1292332.4,2104098.0999999996
P49095,['ADVENLLK'],1.05,1.85,5.1,96449.3,169812.8,469168.3,735430.3999999999
P40318,['IGPRLSPK'],0.87,2.26,4.88,112994.9,294306.8,635831.8,1043133.5
P40557,['SFTETPRTK'],1.03,2.11,4.85,42784.7,87354.5,200607.0,330746.2
P06208,['LVNIGFK'],0.97,2.03,5.0,221224.2,465219.9,1146770.6,1833214.7000000002
P39938,['VSPADAAK'],0.94,2.0,5.06,229171.1,491088.4,1239702.0,1959961.5
P47018,['LQFNLFDGK'],1.15,2.0,4.86,28751.6,50122.0,121785.4,200659.0
P38765,['AFLEFTK'],0.97,1.88,5.15,79052.4,153708.8,420064.2,652825.4
Q06151,"['DAIITAEK', 'RGLEEELTK']",1.09,2.02,4.89,392912.5,730748.4,1768014.5,2891675.4
P31688,['RLLDATAK'],0.98,2.06,4.96,237689.2,496557.2,1196715.2,1930961.6
P36047,['HISSNVNK'],1.07,2.01,4.92,26972.4,50549.8,123945.0,201467.2
P47008,['TVIGIFQK'],0.96,2.23,4.81,58048.0,135402.2,291649.8,485100.0
Q12449,"['SSFTEIK', 'VISLFDLK']",1.01,2.18,4.81,123842.0,267610.1,591428.7,982880.7999999999
P05374,['DLTEFLTK'],1.28,1.88,4.84,12369.2,18148.5,46707.2,77224.9
P10964,['RLEEDNDEEQSHK'],0.81,2.58,4.61,21652.1,68443.6,122446.3,212542.0
Q07878,['GIVGLPTK'],1.11,1.98,4.9,91932.6,163304.1,404447.9,659684.6000000001
Q02642,['LQSQLAK'],0.99,2.1,4.9,509220.5,1079598.9,2516695.2,4105514.6
Q12480,['LVIFEDSK'],0.97,1.98,5.05,85828.4,175329.5,447008.6,708166.5
P14904,['FFNGFFK'],0.9,1.5,5.6,13532.6,22622.4,84387.5,120542.5
